timestamp,model,batch_size,input_tokens,output_tokens,total_tokens,status,error
2026-07-20 22:03:49,gpt-4o-mini-2024-07-18,8,1902,411,2313,OK,
2026-07-20 22:03:59,gpt-4o-mini-2024-07-18,8,2077,413,2490,OK,
2026-07-20 22:04:06,gpt-4o-mini-2024-07-18,8,2035,412,2447,OK,
2026-07-20 22:04:12,gpt-4o-mini-2024-07-18,8,2069,426,2495,OK,
2026-07-20 22:04:20,gpt-4o-mini-2024-07-18,8,2041,421,2462,OK,
2026-07-20 22:04:26,gpt-4o-mini-2024-07-18,8,2027,402,2429,OK,
2026-07-20 22:04:33,gpt-4o-mini-2024-07-18,8,2025,414,2439,OK,
2026-07-20 22:04:39,gpt-4o-mini-2024-07-18,8,1964,413,2377,OK,
2026-07-20 22:04:48,gpt-4o-mini-2024-07-18,8,2157,414,2571,OK,
2026-07-20 22:04:56,gpt-4o-mini-2024-07-18,8,2147,429,2576,OK,
2026-07-20 22:05:04,gpt-4o-mini-2024-07-18,8,2186,425,2611,OK,
2026-07-20 22:05:11,gpt-4o-mini-2024-07-18,8,2027,414,2441,OK,
2026-07-20 22:05:18,gpt-4o-mini-2024-07-18,8,2000,402,2402,OK,
2026-07-20 22:05:24,gpt-4o-mini-2024-07-18,8,1988,403,2391,OK,
2026-07-20 22:05:31,gpt-4o-mini-2024-07-18,8,1986,425,2411,OK,
2026-07-20 22:05:38,gpt-4o-mini-2024-07-18,8,2165,409,2574,OK,
2026-07-20 22:05:45,gpt-4o-mini-2024-07-18,8,1977,404,2381,OK,
2026-07-20 22:05:51,gpt-4o-mini-2024-07-18,8,1955,410,2365,OK,
2026-07-20 22:06:03,gpt-4o-mini-2024-07-18,8,2020,427,2447,OK,
2026-07-20 22:06:11,gpt-4o-mini-2024-07-18,8,1956,414,2370,OK,
2026-07-20 22:06:18,gpt-4o-mini-2024-07-18,8,2051,418,2469,OK,
2026-07-20 22:06:24,gpt-4o-mini-2024-07-18,8,1882,423,2305,OK,
2026-07-20 22:06:31,gpt-4o-mini-2024-07-18,8,2005,405,2410,OK,
2026-07-20 22:06:38,gpt-4o-mini-2024-07-18,8,2198,406,2604,OK,
2026-07-20 22:06:45,gpt-4o-mini-2024-07-18,8,2024,411,2435,OK,
2026-07-20 22:06:51,gpt-4o-mini-2024-07-18,8,1981,418,2399,OK,
2026-07-20 22:06:58,gpt-4o-mini-2024-07-18,8,2035,415,2450,OK,
2026-07-20 22:07:04,gpt-4o-mini-2024-07-18,8,2146,420,2566,OK,
2026-07-20 22:07:11,gpt-4o-mini-2024-07-18,8,2062,402,2464,OK,
2026-07-20 22:07:17,gpt-4o-mini-2024-07-18,8,1948,399,2347,OK,
2026-07-20 22:07:24,gpt-4o-mini-2024-07-18,8,1919,410,2329,OK,
2026-07-20 22:07:32,gpt-4o-mini-2024-07-18,8,2103,403,2506,OK,
2026-07-20 22:07:38,gpt-4o-mini-2024-07-18,8,2082,407,2489,OK,
2026-07-20 22:07:46,gpt-4o-mini-2024-07-18,8,2197,408,2605,OK,
2026-07-20 22:07:52,gpt-4o-mini-2024-07-18,8,2128,410,2538,OK,
2026-07-20 22:07:58,gpt-4o-mini-2024-07-18,8,2359,417,2776,OK,
2026-07-20 22:08:04,gpt-4o-mini-2024-07-18,8,2065,414,2479,OK,
2026-07-20 22:08:10,gpt-4o-mini-2024-07-18,8,2052,410,2462,OK,
2026-07-20 22:08:16,gpt-4o-mini-2024-07-18,8,2029,408,2437,OK,
2026-07-20 22:08:23,gpt-4o-mini-2024-07-18,8,2050,408,2458,OK,
2026-07-20 22:08:31,gpt-4o-mini-2024-07-18,8,2138,412,2550,OK,
2026-07-20 22:08:37,gpt-4o-mini-2024-07-18,8,2186,411,2597,OK,
2026-07-20 22:08:50,gpt-4o-mini-2024-07-18,8,1905,417,2322,OK,
2026-07-20 22:08:56,gpt-4o-mini-2024-07-18,8,2129,418,2547,OK,
2026-07-20 22:09:03,gpt-4o-mini-2024-07-18,8,2172,412,2584,OK,
2026-07-20 22:09:09,gpt-4o-mini-2024-07-18,8,1888,412,2300,OK,
2026-07-20 22:09:16,gpt-4o-mini-2024-07-18,8,1993,413,2406,OK,
2026-07-20 22:09:23,gpt-4o-mini-2024-07-18,8,2126,409,2535,OK,
2026-07-20 22:09:29,gpt-4o-mini-2024-07-18,8,2083,417,2500,OK,
2026-07-20 22:09:35,gpt-4o-mini-2024-07-18,8,1875,403,2278,OK,
2026-07-20 22:09:41,gpt-4o-mini-2024-07-18,8,2012,396,2408,OK,
2026-07-20 22:09:46,gpt-4o-mini-2024-07-18,8,2104,429,2533,OK,
2026-07-20 22:09:52,gpt-4o-mini-2024-07-18,8,2290,411,2701,OK,
2026-07-20 22:09:58,gpt-4o-mini-2024-07-18,8,2358,427,2785,OK,
2026-07-20 22:10:03,gpt-4o-mini-2024-07-18,8,2728,413,3141,OK,
2026-07-20 22:10:11,gpt-4o-mini-2024-07-18,8,2509,414,2923,OK,
2026-07-20 22:10:19,gpt-4o-mini-2024-07-18,8,2366,407,2773,OK,
2026-07-20 22:10:26,gpt-4o-mini-2024-07-18,8,2042,408,2450,OK,
2026-07-20 22:10:32,gpt-4o-mini-2024-07-18,8,1992,421,2413,OK,
2026-07-20 22:10:38,gpt-4o-mini-2024-07-18,8,2005,413,2418,OK,
2026-07-20 22:10:43,gpt-4o-mini-2024-07-18,8,2148,404,2552,OK,
2026-07-20 22:10:49,gpt-4o-mini-2024-07-18,8,1829,405,2234,OK,
2026-07-20 22:10:53,gpt-4o-mini-2024-07-18,8,2110,412,2522,OK,
2026-07-20 22:10:59,gpt-4o-mini-2024-07-18,8,2088,421,2509,OK,
2026-07-20 22:11:05,gpt-4o-mini-2024-07-18,8,2069,418,2487,OK,
2026-07-20 22:11:11,gpt-4o-mini-2024-07-18,8,2156,404,2560,OK,
2026-07-20 22:11:16,gpt-4o-mini-2024-07-18,8,1917,406,2323,OK,
2026-07-20 22:11:21,gpt-4o-mini-2024-07-18,8,1881,412,2293,OK,
2026-07-20 22:11:28,gpt-4o-mini-2024-07-18,8,1966,410,2376,OK,
2026-07-20 22:11:34,gpt-4o-mini-2024-07-18,8,2096,408,2504,OK,
2026-07-20 22:11:43,gpt-4o-mini-2024-07-18,8,2340,416,2756,OK,
2026-07-20 22:11:50,gpt-4o-mini-2024-07-18,8,2333,418,2751,OK,
2026-07-20 22:11:58,gpt-4o-mini-2024-07-18,8,2200,422,2622,OK,
2026-07-20 22:12:07,gpt-4o-mini-2024-07-18,8,2021,407,2428,OK,
2026-07-20 22:12:13,gpt-4o-mini-2024-07-18,8,2537,408,2945,OK,
2026-07-20 22:12:20,gpt-4o-mini-2024-07-18,8,1948,413,2361,OK,
2026-07-20 22:12:26,gpt-4o-mini-2024-07-18,8,2084,409,2493,OK,
2026-07-20 22:12:39,gpt-4o-mini-2024-07-18,8,2010,409,2419,OK,
2026-07-20 22:12:47,gpt-4o-mini-2024-07-18,8,1954,404,2358,OK,
2026-07-20 22:12:53,gpt-4o-mini-2024-07-18,8,2046,410,2456,OK,
2026-07-20 22:13:00,gpt-4o-mini-2024-07-18,8,2151,406,2557,OK,
2026-07-20 22:13:08,gpt-4o-mini-2024-07-18,8,2516,402,2918,OK,
2026-07-20 22:13:15,gpt-4o-mini-2024-07-18,8,2518,402,2920,OK,
2026-07-20 22:13:24,gpt-4o-mini-2024-07-18,8,2590,409,2999,OK,
2026-07-20 22:13:31,gpt-4o-mini-2024-07-18,8,2664,413,3077,OK,
2026-07-20 22:13:37,gpt-4o-mini-2024-07-18,8,2605,420,3025,OK,
2026-07-20 22:13:43,gpt-4o-mini-2024-07-18,8,2215,409,2624,OK,
2026-07-20 22:13:51,gpt-4o-mini-2024-07-18,8,2272,417,2689,OK,
2026-07-20 22:13:57,gpt-4o-mini-2024-07-18,8,2237,407,2644,OK,
2026-07-20 22:14:04,gpt-4o-mini-2024-07-18,8,2281,408,2689,OK,
2026-07-20 22:14:11,gpt-4o-mini-2024-07-18,8,2604,414,3018,OK,
2026-07-20 22:14:19,gpt-4o-mini-2024-07-18,8,2239,427,2666,OK,
2026-07-20 22:14:25,gpt-4o-mini-2024-07-18,8,2044,412,2456,OK,
2026-07-20 22:14:31,gpt-4o-mini-2024-07-18,8,2061,419,2480,OK,
2026-07-20 22:14:37,gpt-4o-mini-2024-07-18,8,2484,420,2904,OK,
2026-07-20 22:14:43,gpt-4o-mini-2024-07-18,8,2517,411,2928,OK,
2026-07-20 22:14:49,gpt-4o-mini-2024-07-18,8,2346,418,2764,OK,
2026-07-20 22:14:56,gpt-4o-mini-2024-07-18,8,2050,426,2476,OK,
2026-07-20 22:15:04,gpt-4o-mini-2024-07-18,8,1888,416,2304,OK,
2026-07-20 22:15:11,gpt-4o-mini-2024-07-18,8,2021,403,2424,OK,
2026-07-20 22:15:18,gpt-4o-mini-2024-07-18,8,2107,412,2519,OK,
2026-07-20 22:15:24,gpt-4o-mini-2024-07-18,8,2109,436,2545,OK,
2026-07-20 22:15:32,gpt-4o-mini-2024-07-18,8,2431,404,2835,OK,
2026-07-20 22:15:39,gpt-4o-mini-2024-07-18,8,2238,415,2653,OK,
2026-07-20 22:15:46,gpt-4o-mini-2024-07-18,8,2454,413,2867,OK,
2026-07-20 22:15:52,gpt-4o-mini-2024-07-18,8,2209,416,2625,OK,
2026-07-20 22:15:58,gpt-4o-mini-2024-07-18,8,2125,419,2544,OK,
2026-07-20 22:16:06,gpt-4o-mini-2024-07-18,8,2203,401,2604,OK,
2026-07-20 22:16:13,gpt-4o-mini-2024-07-18,8,2055,425,2480,OK,
2026-07-20 22:16:22,gpt-4o-mini-2024-07-18,8,2061,408,2469,OK,
2026-07-20 22:16:32,gpt-4o-mini-2024-07-18,8,2341,426,2767,OK,
2026-07-20 22:16:38,gpt-4o-mini-2024-07-18,8,2004,423,2427,OK,
2026-07-20 22:16:44,gpt-4o-mini-2024-07-18,8,2135,402,2537,OK,
2026-07-20 22:16:54,gpt-4o-mini-2024-07-18,8,2259,412,2671,OK,
2026-07-20 22:17:01,gpt-4o-mini-2024-07-18,8,2086,418,2504,OK,
2026-07-20 22:17:08,gpt-4o-mini-2024-07-18,8,2078,404,2482,OK,
2026-07-20 22:17:17,gpt-4o-mini-2024-07-18,8,2172,436,2608,OK,
2026-07-20 22:17:25,gpt-4o-mini-2024-07-18,8,2199,405,2604,OK,
2026-07-20 22:17:32,gpt-4o-mini-2024-07-18,8,2377,423,2800,OK,
2026-07-20 22:17:38,gpt-4o-mini-2024-07-18,8,2020,405,2425,OK,
2026-07-20 22:17:44,gpt-4o-mini-2024-07-18,8,2130,408,2538,OK,
2026-07-20 22:17:50,gpt-4o-mini-2024-07-18,8,2178,413,2591,OK,
2026-07-20 22:17:56,gpt-4o-mini-2024-07-18,8,2149,409,2558,OK,
2026-07-20 22:18:03,gpt-4o-mini-2024-07-18,8,1993,409,2402,OK,
2026-07-20 22:18:21,gpt-4o-mini-2024-07-18,8,2011,415,2426,OK,
2026-07-20 22:18:29,gpt-4o-mini-2024-07-18,8,1974,425,2399,OK,
2026-07-20 22:18:37,gpt-4o-mini-2024-07-18,8,1981,394,2375,OK,
2026-07-20 22:18:44,gpt-4o-mini-2024-07-18,8,2195,407,2602,OK,
2026-07-20 22:18:54,gpt-4o-mini-2024-07-18,8,2041,414,2455,OK,
2026-07-20 22:19:02,gpt-4o-mini-2024-07-18,8,1994,412,2406,OK,
2026-07-20 22:19:10,gpt-4o-mini-2024-07-18,8,2018,413,2431,OK,
2026-07-20 22:19:17,gpt-4o-mini-2024-07-18,8,1955,396,2351,OK,
2026-07-20 22:19:24,gpt-4o-mini-2024-07-18,8,1980,408,2388,OK,
2026-07-20 22:19:32,gpt-4o-mini-2024-07-18,8,2097,426,2523,OK,
2026-07-20 22:19:38,gpt-4o-mini-2024-07-18,8,1902,396,2298,OK,
2026-07-20 22:19:44,gpt-4o-mini-2024-07-18,8,2027,398,2425,OK,
2026-07-20 22:19:51,gpt-4o-mini-2024-07-18,8,2088,407,2495,OK,
2026-07-20 22:19:58,gpt-4o-mini-2024-07-18,8,2204,416,2620,OK,
2026-07-20 22:20:07,gpt-4o-mini-2024-07-18,8,2040,411,2451,OK,
2026-07-20 22:20:17,gpt-4o-mini-2024-07-18,8,2346,418,2764,OK,
2026-07-20 22:20:28,gpt-4o-mini-2024-07-18,8,2062,416,2478,OK,
2026-07-20 22:20:36,gpt-4o-mini-2024-07-18,8,2004,411,2415,OK,
2026-07-20 22:20:44,gpt-4o-mini-2024-07-18,8,2039,408,2447,OK,
2026-07-20 22:20:51,gpt-4o-mini-2024-07-18,8,2032,413,2445,OK,
2026-07-20 22:20:57,gpt-4o-mini-2024-07-18,8,1969,414,2383,OK,
2026-07-20 22:21:04,gpt-4o-mini-2024-07-18,8,2026,419,2445,OK,
2026-07-20 22:21:11,gpt-4o-mini-2024-07-18,8,1964,426,2390,OK,
2026-07-20 22:21:17,gpt-4o-mini-2024-07-18,8,1941,411,2352,OK,
2026-07-20 22:21:23,gpt-4o-mini-2024-07-18,8,2161,409,2570,OK,
2026-07-20 22:21:29,gpt-4o-mini-2024-07-18,8,1872,408,2280,OK,
2026-07-20 22:21:36,gpt-4o-mini-2024-07-18,8,1905,418,2323,OK,
2026-07-20 22:21:44,gpt-4o-mini-2024-07-18,8,2364,423,2787,OK,
2026-07-20 22:21:51,gpt-4o-mini-2024-07-18,8,2274,409,2683,OK,
2026-07-20 22:21:57,gpt-4o-mini-2024-07-18,8,2191,397,2588,OK,
2026-07-20 22:22:04,gpt-4o-mini-2024-07-18,8,2117,410,2527,OK,
2026-07-20 22:22:10,gpt-4o-mini-2024-07-18,8,2003,420,2423,OK,
2026-07-20 22:22:18,gpt-4o-mini-2024-07-18,8,1972,410,2382,OK,
2026-07-20 22:22:24,gpt-4o-mini-2024-07-18,8,1990,421,2411,OK,
2026-07-20 22:22:30,gpt-4o-mini-2024-07-18,8,2010,405,2415,OK,
2026-07-20 22:22:37,gpt-4o-mini-2024-07-18,8,2198,413,2611,OK,
2026-07-20 22:22:43,gpt-4o-mini-2024-07-18,8,1987,404,2391,OK,
2026-07-20 22:22:49,gpt-4o-mini-2024-07-18,8,1994,416,2410,OK,
2026-07-20 22:22:57,gpt-4o-mini-2024-07-18,8,2018,416,2434,OK,
2026-07-20 22:23:05,gpt-4o-mini-2024-07-18,8,1985,410,2395,OK,
2026-07-20 22:23:12,gpt-4o-mini-2024-07-18,8,1950,412,2362,OK,
2026-07-20 22:23:23,gpt-4o-mini-2024-07-18,8,2055,408,2463,OK,
2026-07-20 22:23:29,gpt-4o-mini-2024-07-18,8,1979,410,2389,OK,
2026-07-20 22:23:36,gpt-4o-mini-2024-07-18,8,1982,414,2396,OK,
2026-07-20 22:23:42,gpt-4o-mini-2024-07-18,8,2097,411,2508,OK,
2026-07-20 22:23:48,gpt-4o-mini-2024-07-18,8,2160,401,2561,OK,
2026-07-20 22:23:57,gpt-4o-mini-2024-07-18,8,2022,403,2425,OK,
2026-07-20 22:24:04,gpt-4o-mini-2024-07-18,8,2277,400,2677,OK,
2026-07-20 22:24:11,gpt-4o-mini-2024-07-18,8,2200,415,2615,OK,
2026-07-20 22:24:18,gpt-4o-mini-2024-07-18,8,1998,421,2419,OK,
2026-07-20 22:24:24,gpt-4o-mini-2024-07-18,8,2041,422,2463,OK,
2026-07-20 22:24:30,gpt-4o-mini-2024-07-18,8,2045,407,2452,OK,
2026-07-20 22:24:42,gpt-4o-mini-2024-07-18,8,1986,421,2407,OK,
2026-07-20 22:24:49,gpt-4o-mini-2024-07-18,8,2014,400,2414,OK,
2026-07-20 22:24:55,gpt-4o-mini-2024-07-18,8,1946,408,2354,OK,
2026-07-20 22:25:02,gpt-4o-mini-2024-07-18,8,1957,425,2382,OK,
2026-07-20 22:25:09,gpt-4o-mini-2024-07-18,8,2085,406,2491,OK,
2026-07-20 22:25:15,gpt-4o-mini-2024-07-18,8,1934,420,2354,OK,
2026-07-20 22:25:22,gpt-4o-mini-2024-07-18,8,1918,410,2328,OK,
2026-07-20 22:25:28,gpt-4o-mini-2024-07-18,8,2179,425,2604,OK,
2026-07-20 22:25:34,gpt-4o-mini-2024-07-18,8,2308,421,2729,OK,
2026-07-20 22:25:40,gpt-4o-mini-2024-07-18,8,2160,423,2583,OK,
2026-07-20 22:25:47,gpt-4o-mini-2024-07-18,8,2050,413,2463,OK,
2026-07-20 22:25:54,gpt-4o-mini-2024-07-18,8,2146,414,2560,OK,
2026-07-20 22:26:01,gpt-4o-mini-2024-07-18,8,2078,409,2487,OK,
2026-07-20 22:26:10,gpt-4o-mini-2024-07-18,8,2038,426,2464,OK,
2026-07-20 22:26:22,gpt-4o-mini-2024-07-18,8,2149,410,2559,OK,
2026-07-20 22:26:30,gpt-4o-mini-2024-07-18,8,1993,410,2403,OK,
2026-07-20 22:26:40,gpt-4o-mini-2024-07-18,8,2011,416,2427,OK,
2026-07-20 22:26:54,gpt-4o-mini-2024-07-18,8,1974,420,2394,OK,
2026-07-20 22:27:07,gpt-4o-mini-2024-07-18,8,1966,399,2365,OK,
2026-07-20 22:27:16,gpt-4o-mini-2024-07-18,8,2192,410,2602,OK,
2026-07-20 22:27:25,gpt-4o-mini-2024-07-18,8,2011,403,2414,OK,
2026-07-20 22:27:36,gpt-4o-mini-2024-07-18,8,2043,405,2448,OK,
2026-07-20 22:27:44,gpt-4o-mini-2024-07-18,8,1945,427,2372,OK,
2026-07-20 22:27:54,gpt-4o-mini-2024-07-18,8,2064,425,2489,OK,
2026-07-20 22:28:02,gpt-4o-mini-2024-07-18,8,1925,407,2332,OK,
2026-07-20 22:28:11,gpt-4o-mini-2024-07-18,8,2045,406,2451,OK,
2026-07-20 22:28:21,gpt-4o-mini-2024-07-18,8,2005,402,2407,OK,
2026-07-20 22:28:29,gpt-4o-mini-2024-07-18,8,1998,401,2399,OK,
2026-07-20 22:28:36,gpt-4o-mini-2024-07-18,8,2044,407,2451,OK,
2026-07-20 22:28:42,gpt-4o-mini-2024-07-18,8,2105,405,2510,OK,
2026-07-20 22:28:51,gpt-4o-mini-2024-07-18,8,2093,407,2500,OK,
2026-07-20 22:28:58,gpt-4o-mini-2024-07-18,8,2186,403,2589,OK,
2026-07-20 22:29:05,gpt-4o-mini-2024-07-18,8,2296,415,2711,OK,
2026-07-20 22:29:13,gpt-4o-mini-2024-07-18,8,1992,422,2414,OK,
2026-07-20 22:29:20,gpt-4o-mini-2024-07-18,8,2057,411,2468,OK,
2026-07-20 22:29:27,gpt-4o-mini-2024-07-18,8,2008,413,2421,OK,
2026-07-20 22:29:35,gpt-4o-mini-2024-07-18,8,1989,422,2411,OK,
2026-07-20 22:29:42,gpt-4o-mini-2024-07-18,8,2032,406,2438,OK,
2026-07-20 22:29:48,gpt-4o-mini-2024-07-18,8,1970,410,2380,OK,
2026-07-20 22:29:54,gpt-4o-mini-2024-07-18,8,1890,413,2303,OK,
2026-07-20 22:30:01,gpt-4o-mini-2024-07-18,8,2079,395,2474,OK,
2026-07-20 22:30:08,gpt-4o-mini-2024-07-18,8,2041,410,2451,OK,
2026-07-20 22:30:14,gpt-4o-mini-2024-07-18,8,1898,417,2315,OK,
2026-07-20 22:30:21,gpt-4o-mini-2024-07-18,8,2041,409,2450,OK,
2026-07-20 22:30:30,gpt-4o-mini-2024-07-18,8,2367,416,2783,OK,
2026-07-20 22:30:39,gpt-4o-mini-2024-07-18,8,2230,403,2633,OK,
2026-07-20 22:30:46,gpt-4o-mini-2024-07-18,8,2204,413,2617,OK,
2026-07-20 22:30:54,gpt-4o-mini-2024-07-18,8,2101,407,2508,OK,
2026-07-20 22:31:01,gpt-4o-mini-2024-07-18,8,1935,419,2354,OK,
2026-07-20 22:31:09,gpt-4o-mini-2024-07-18,8,1931,415,2346,OK,
2026-07-20 22:31:16,gpt-4o-mini-2024-07-18,8,1966,402,2368,OK,
2026-07-20 22:31:23,gpt-4o-mini-2024-07-18,8,2192,415,2607,OK,
2026-07-20 22:31:29,gpt-4o-mini-2024-07-18,8,2011,409,2420,OK,
2026-07-20 22:31:36,gpt-4o-mini-2024-07-18,8,2043,414,2457,OK,
2026-07-20 22:31:44,gpt-4o-mini-2024-07-18,8,1945,420,2365,OK,
2026-07-20 22:31:51,gpt-4o-mini-2024-07-18,8,2064,421,2485,OK,
2026-07-20 22:31:58,gpt-4o-mini-2024-07-18,8,1917,398,2315,OK,
2026-07-20 22:32:06,gpt-4o-mini-2024-07-18,8,1968,433,2401,OK,
2026-07-20 22:32:15,gpt-4o-mini-2024-07-18,8,2022,404,2426,OK,
2026-07-20 22:32:23,gpt-4o-mini-2024-07-18,8,2027,404,2431,OK,
2026-07-20 22:32:32,gpt-4o-mini-2024-07-18,8,2088,407,2495,OK,
2026-07-20 22:32:40,gpt-4o-mini-2024-07-18,8,2204,429,2633,OK,
2026-07-20 22:32:55,gpt-4o-mini-2024-07-18,8,2048,395,2443,OK,
2026-07-20 22:33:03,gpt-4o-mini-2024-07-18,8,2317,403,2720,OK,
2026-07-20 22:33:11,gpt-4o-mini-2024-07-18,8,2145,404,2549,OK,
2026-07-20 22:33:18,gpt-4o-mini-2024-07-18,8,2149,418,2567,OK,
2026-07-20 22:33:26,gpt-4o-mini-2024-07-18,8,2067,433,2500,OK,
2026-07-20 22:33:34,gpt-4o-mini-2024-07-18,8,2045,404,2449,OK,
2026-07-20 22:33:41,gpt-4o-mini-2024-07-18,8,1978,414,2392,OK,
2026-07-20 22:33:48,gpt-4o-mini-2024-07-18,8,2006,402,2408,OK,
2026-07-20 22:33:55,gpt-4o-mini-2024-07-18,8,1946,416,2362,OK,
2026-07-20 22:34:03,gpt-4o-mini-2024-07-18,8,1957,408,2365,OK,
2026-07-20 22:34:11,gpt-4o-mini-2024-07-18,8,2085,417,2502,OK,
2026-07-20 22:34:21,gpt-4o-mini-2024-07-18,8,1939,429,2368,OK,
2026-07-20 22:34:28,gpt-4o-mini-2024-07-18,8,1905,414,2319,OK,
2026-07-20 22:34:35,gpt-4o-mini-2024-07-18,8,2293,421,2714,OK,
2026-07-20 22:34:41,gpt-4o-mini-2024-07-18,8,2250,413,2663,OK,
2026-07-20 22:34:50,gpt-4o-mini-2024-07-18,8,2015,416,2431,OK,
2026-07-20 22:34:56,gpt-4o-mini-2024-07-18,8,2105,419,2524,OK,
2026-07-20 22:35:08,gpt-4o-mini-2024-07-18,8,2139,420,2559,OK,
2026-07-20 22:35:20,gpt-4o-mini-2024-07-18,8,2045,408,2453,OK,
2026-07-20 22:35:29,gpt-4o-mini-2024-07-18,8,2178,412,2590,OK,
2026-07-20 22:35:39,gpt-4o-mini-2024-07-18,8,2060,417,2477,OK,
2026-07-20 22:35:47,gpt-4o-mini-2024-07-18,8,1935,416,2351,OK,
2026-07-20 22:35:58,gpt-4o-mini-2024-07-18,8,1932,411,2343,OK,
2026-07-20 22:36:09,gpt-4o-mini-2024-07-18,8,2010,402,2412,OK,
2026-07-20 22:36:19,gpt-4o-mini-2024-07-18,8,2198,413,2611,OK,
2026-07-20 22:36:27,gpt-4o-mini-2024-07-18,8,2062,409,2471,OK,
2026-07-20 22:36:35,gpt-4o-mini-2024-07-18,8,2003,408,2411,OK,
2026-07-20 22:36:55,gpt-4o-mini-2024-07-18,8,2054,424,2478,OK,
2026-07-20 22:37:04,gpt-4o-mini-2024-07-18,8,1946,418,2364,OK,
2026-07-20 22:37:13,gpt-4o-mini-2024-07-18,8,1935,405,2340,OK,
2026-07-20 22:37:22,gpt-4o-mini-2024-07-18,8,1948,413,2361,OK,
2026-07-20 22:37:29,gpt-4o-mini-2024-07-18,8,2087,403,2490,OK,
2026-07-20 22:37:36,gpt-4o-mini-2024-07-18,8,2092,413,2505,OK,
2026-07-20 22:37:44,gpt-4o-mini-2024-07-18,8,2112,405,2517,OK,
2026-07-20 22:37:52,gpt-4o-mini-2024-07-18,8,2150,402,2552,OK,
2026-07-20 22:37:59,gpt-4o-mini-2024-07-18,8,2134,412,2546,OK,
2026-07-20 22:38:06,gpt-4o-mini-2024-07-18,8,2351,406,2757,OK,
2026-07-20 22:38:12,gpt-4o-mini-2024-07-18,8,2039,419,2458,OK,
2026-07-20 22:38:19,gpt-4o-mini-2024-07-18,8,2126,416,2542,OK,
2026-07-20 22:38:26,gpt-4o-mini-2024-07-18,8,2035,415,2450,OK,
2026-07-20 22:38:34,gpt-4o-mini-2024-07-18,8,2074,411,2485,OK,
2026-07-20 22:38:40,gpt-4o-mini-2024-07-18,8,1990,410,2400,OK,
2026-07-20 22:38:48,gpt-4o-mini-2024-07-18,8,2026,407,2433,OK,
2026-07-20 22:38:54,gpt-4o-mini-2024-07-18,8,1964,425,2389,OK,
2026-07-20 22:39:01,gpt-4o-mini-2024-07-18,8,1955,407,2362,OK,
2026-07-20 22:39:12,gpt-4o-mini-2024-07-18,8,2109,416,2525,OK,
2026-07-20 22:39:32,gpt-4o-mini-2024-07-18,8,1867,426,2293,OK,
2026-07-20 22:39:43,gpt-4o-mini-2024-07-18,8,1906,406,2312,OK,
2026-07-20 22:39:56,gpt-4o-mini-2024-07-18,8,2266,421,2687,OK,
2026-07-20 22:40:06,gpt-4o-mini-2024-07-18,8,2324,414,2738,OK,
2026-07-20 22:40:16,gpt-4o-mini-2024-07-18,8,2098,404,2502,OK,
2026-07-20 22:40:26,gpt-4o-mini-2024-07-18,8,1871,414,2285,OK,
2026-07-20 22:40:35,gpt-4o-mini-2024-07-18,8,1902,416,2318,OK,
2026-07-20 22:40:44,gpt-4o-mini-2024-07-18,8,1893,410,2303,OK,
2026-07-20 22:40:53,gpt-4o-mini-2024-07-18,8,1962,419,2381,OK,
2026-07-20 22:41:01,gpt-4o-mini-2024-07-18,8,1841,405,2246,OK,
2026-07-20 22:41:09,gpt-4o-mini-2024-07-18,8,1877,421,2298,OK,
2026-07-20 22:41:17,gpt-4o-mini-2024-07-18,8,1920,409,2329,OK,
2026-07-20 22:41:24,gpt-4o-mini-2024-07-18,8,1676,412,2088,OK,
2026-07-20 22:41:32,gpt-4o-mini-2024-07-18,8,1827,412,2239,OK,
2026-07-20 22:41:41,gpt-4o-mini-2024-07-18,8,1945,420,2365,OK,
2026-07-20 22:41:50,gpt-4o-mini-2024-07-18,8,2053,416,2469,OK,
2026-07-20 22:41:58,gpt-4o-mini-2024-07-18,8,1807,437,2244,OK,
2026-07-20 22:42:05,gpt-4o-mini-2024-07-18,8,1949,415,2364,OK,
2026-07-20 22:42:11,gpt-4o-mini-2024-07-18,8,1893,407,2300,OK,
2026-07-20 22:42:17,gpt-4o-mini-2024-07-18,8,1928,409,2337,OK,
2026-07-20 22:42:24,gpt-4o-mini-2024-07-18,8,1820,406,2226,OK,
2026-07-20 22:42:30,gpt-4o-mini-2024-07-18,8,1912,424,2336,OK,
2026-07-20 22:42:37,gpt-4o-mini-2024-07-18,8,1858,413,2271,OK,
2026-07-20 22:42:43,gpt-4o-mini-2024-07-18,8,1993,408,2401,OK,
2026-07-20 22:42:50,gpt-4o-mini-2024-07-18,8,1788,419,2207,OK,
2026-07-20 22:42:57,gpt-4o-mini-2024-07-18,8,1944,402,2346,OK,
2026-07-20 22:43:03,gpt-4o-mini-2024-07-18,8,1921,416,2337,OK,
2026-07-20 22:43:09,gpt-4o-mini-2024-07-18,8,2033,424,2457,OK,
2026-07-20 22:43:16,gpt-4o-mini-2024-07-18,8,2447,403,2850,OK,
2026-07-20 22:43:22,gpt-4o-mini-2024-07-18,8,1907,400,2307,OK,
2026-07-20 22:43:28,gpt-4o-mini-2024-07-18,8,2558,424,2982,OK,
2026-07-20 22:43:36,gpt-4o-mini-2024-07-18,8,2071,422,2493,OK,
2026-07-20 22:43:42,gpt-4o-mini-2024-07-18,8,1907,413,2320,OK,
2026-07-20 22:43:49,gpt-4o-mini-2024-07-18,8,1964,408,2372,OK,
2026-07-20 22:43:55,gpt-4o-mini-2024-07-18,8,1741,418,2159,OK,
2026-07-20 22:44:01,gpt-4o-mini-2024-07-18,8,1935,414,2349,OK,
2026-07-20 22:44:08,gpt-4o-mini-2024-07-18,8,1886,413,2299,OK,
2026-07-20 22:44:14,gpt-4o-mini-2024-07-18,8,1880,398,2278,OK,
2026-07-20 22:44:19,gpt-4o-mini-2024-07-18,8,1910,403,2313,OK,
2026-07-20 22:44:25,gpt-4o-mini-2024-07-18,8,1805,414,2219,OK,
2026-07-20 22:44:35,gpt-4o-mini-2024-07-18,8,1871,414,2285,OK,
2026-07-20 22:44:41,gpt-4o-mini-2024-07-18,8,1941,418,2359,OK,
2026-07-20 22:44:47,gpt-4o-mini-2024-07-18,8,1929,421,2350,OK,
2026-07-20 22:44:53,gpt-4o-mini-2024-07-18,8,1932,400,2332,OK,
2026-07-20 22:44:59,gpt-4o-mini-2024-07-18,8,1822,418,2240,OK,
2026-07-20 22:45:04,gpt-4o-mini-2024-07-18,8,1968,397,2365,OK,
2026-07-20 22:45:11,gpt-4o-mini-2024-07-18,8,1818,471,2289,OK,
2026-07-20 22:45:16,gpt-4o-mini-2024-07-18,8,1833,427,2260,OK,
2026-07-20 22:45:22,gpt-4o-mini-2024-07-18,8,1895,423,2318,OK,
2026-07-20 22:45:28,gpt-4o-mini-2024-07-18,8,1769,413,2182,OK,
2026-07-20 22:45:34,gpt-4o-mini-2024-07-18,8,1799,429,2228,OK,
2026-07-20 22:45:40,gpt-4o-mini-2024-07-18,8,1826,405,2231,OK,
2026-07-20 22:45:45,gpt-4o-mini-2024-07-18,8,1770,420,2190,OK,
2026-07-20 22:45:51,gpt-4o-mini-2024-07-18,8,2007,401,2408,OK,
2026-07-20 22:45:57,gpt-4o-mini-2024-07-18,8,2679,413,3092,OK,
2026-07-20 22:46:02,gpt-4o-mini-2024-07-18,8,2567,416,2983,OK,
2026-07-20 22:46:09,gpt-4o-mini-2024-07-18,8,2557,418,2975,OK,
2026-07-20 22:46:15,gpt-4o-mini-2024-07-18,8,2116,446,2562,OK,
2026-07-20 22:46:21,gpt-4o-mini-2024-07-18,8,1911,424,2335,OK,
2026-07-20 22:46:26,gpt-4o-mini-2024-07-18,8,1963,418,2381,OK,
2026-07-20 22:46:32,gpt-4o-mini-2024-07-18,8,2047,406,2453,OK,
2026-07-20 22:46:38,gpt-4o-mini-2024-07-18,8,2076,418,2494,OK,
2026-07-20 22:46:44,gpt-4o-mini-2024-07-18,8,2119,411,2530,OK,
2026-07-20 22:46:50,gpt-4o-mini-2024-07-18,8,2144,425,2569,OK,
2026-07-20 22:46:55,gpt-4o-mini-2024-07-18,8,1929,409,2338,OK,
2026-07-20 22:47:01,gpt-4o-mini-2024-07-18,8,1851,406,2257,OK,
2026-07-20 22:47:06,gpt-4o-mini-2024-07-18,8,1928,407,2335,OK,
2026-07-20 22:47:12,gpt-4o-mini-2024-07-18,8,1814,412,2226,OK,
2026-07-20 22:47:18,gpt-4o-mini-2024-07-18,8,1836,439,2275,OK,
2026-07-20 22:47:25,gpt-4o-mini-2024-07-18,8,1938,413,2351,OK,
2026-07-20 22:47:31,gpt-4o-mini-2024-07-18,8,1893,407,2300,OK,
2026-07-20 22:47:37,gpt-4o-mini-2024-07-18,8,1983,430,2413,OK,
2026-07-20 22:47:43,gpt-4o-mini-2024-07-18,8,2527,413,2940,OK,
2026-07-20 22:47:50,gpt-4o-mini-2024-07-18,8,1926,403,2329,OK,
2026-07-20 22:47:56,gpt-4o-mini-2024-07-18,8,2373,430,2803,OK,
2026-07-20 22:48:03,gpt-4o-mini-2024-07-18,8,2243,418,2661,OK,
2026-07-20 22:48:11,gpt-4o-mini-2024-07-18,8,1919,413,2332,OK,
2026-07-20 22:48:19,gpt-4o-mini-2024-07-18,8,1977,406,2383,OK,
2026-07-20 22:48:25,gpt-4o-mini-2024-07-18,8,1727,410,2137,OK,
2026-07-20 22:48:30,gpt-4o-mini-2024-07-18,8,1972,408,2380,OK,
2026-07-20 22:48:36,gpt-4o-mini-2024-07-18,8,1871,413,2284,OK,
2026-07-20 22:48:43,gpt-4o-mini-2024-07-18,8,2074,411,2485,OK,
2026-07-20 22:48:51,gpt-4o-mini-2024-07-18,8,2053,420,2473,OK,
2026-07-20 22:48:58,gpt-4o-mini-2024-07-18,8,2080,423,2503,OK,
2026-07-20 22:49:04,gpt-4o-mini-2024-07-18,8,2040,423,2463,OK,
2026-07-20 22:49:10,gpt-4o-mini-2024-07-18,8,1864,414,2278,OK,
2026-07-20 22:49:15,gpt-4o-mini-2024-07-18,8,2009,410,2419,OK,
2026-07-20 22:49:22,gpt-4o-mini-2024-07-18,8,1938,415,2353,OK,
2026-07-20 22:49:28,gpt-4o-mini-2024-07-18,8,1947,414,2361,OK,
2026-07-20 22:49:40,gpt-4o-mini-2024-07-18,8,2040,432,2472,OK,
2026-07-20 22:49:46,gpt-4o-mini-2024-07-18,8,1918,423,2341,OK,
2026-07-20 22:49:55,gpt-4o-mini-2024-07-18,8,1915,410,2325,OK,
2026-07-20 22:50:02,gpt-4o-mini-2024-07-18,8,2015,421,2436,OK,
2026-07-20 22:50:08,gpt-4o-mini-2024-07-18,8,1945,410,2355,OK,
2026-07-20 22:50:14,gpt-4o-mini-2024-07-18,8,1991,423,2414,OK,
2026-07-20 22:50:20,gpt-4o-mini-2024-07-18,8,1951,439,2390,OK,
2026-07-20 22:50:27,gpt-4o-mini-2024-07-18,8,2047,422,2469,OK,
2026-07-20 22:50:33,gpt-4o-mini-2024-07-18,8,1922,427,2349,OK,
2026-07-20 22:50:39,gpt-4o-mini-2024-07-18,8,2256,416,2672,OK,
2026-07-20 22:50:45,gpt-4o-mini-2024-07-18,8,2240,419,2659,OK,
2026-07-20 22:50:51,gpt-4o-mini-2024-07-18,8,2181,418,2599,OK,
2026-07-20 22:50:57,gpt-4o-mini-2024-07-18,8,2264,426,2690,OK,
2026-07-20 22:51:03,gpt-4o-mini-2024-07-18,8,2217,421,2638,OK,
2026-07-20 22:51:09,gpt-4o-mini-2024-07-18,8,2235,428,2663,OK,
2026-07-20 22:51:14,gpt-4o-mini-2024-07-18,8,1984,425,2409,OK,
2026-07-20 22:51:19,gpt-4o-mini-2024-07-18,8,1970,416,2386,OK,
2026-07-20 22:51:25,gpt-4o-mini-2024-07-18,8,1858,415,2273,OK,
2026-07-20 22:51:31,gpt-4o-mini-2024-07-18,8,1910,415,2325,OK,
2026-07-20 22:51:36,gpt-4o-mini-2024-07-18,8,1875,433,2308,OK,
2026-07-20 22:51:42,gpt-4o-mini-2024-07-18,8,1905,402,2307,OK,
2026-07-20 22:51:47,gpt-4o-mini-2024-07-18,8,1865,425,2290,OK,
2026-07-20 22:51:54,gpt-4o-mini-2024-07-18,8,1904,429,2333,OK,
2026-07-20 22:52:00,gpt-4o-mini-2024-07-18,8,1962,421,2383,OK,
2026-07-20 22:52:07,gpt-4o-mini-2024-07-18,8,2000,434,2434,OK,
2026-07-20 22:52:12,gpt-4o-mini-2024-07-18,8,1896,419,2315,OK,
2026-07-20 22:52:18,gpt-4o-mini-2024-07-18,8,2145,427,2572,OK,
2026-07-20 22:52:24,gpt-4o-mini-2024-07-18,8,2007,408,2415,OK,
2026-07-20 22:52:32,gpt-4o-mini-2024-07-18,8,2083,423,2506,OK,
2026-07-20 22:52:37,gpt-4o-mini-2024-07-18,8,1854,418,2272,OK,
2026-07-20 22:52:42,gpt-4o-mini-2024-07-18,8,2056,413,2469,OK,
2026-07-20 22:52:47,gpt-4o-mini-2024-07-18,8,2038,413,2451,OK,
2026-07-20 22:52:54,gpt-4o-mini-2024-07-18,8,1926,409,2335,OK,
2026-07-20 22:52:59,gpt-4o-mini-2024-07-18,8,1866,414,2280,OK,
2026-07-20 22:53:05,gpt-4o-mini-2024-07-18,8,1938,418,2356,OK,
2026-07-20 22:53:09,gpt-4o-mini-2024-07-18,8,1851,422,2273,OK,
2026-07-20 22:53:16,gpt-4o-mini-2024-07-18,8,1853,427,2280,OK,
2026-07-20 22:53:21,gpt-4o-mini-2024-07-18,8,1820,428,2248,OK,
2026-07-20 22:53:27,gpt-4o-mini-2024-07-18,8,1872,428,2300,OK,
2026-07-20 22:53:33,gpt-4o-mini-2024-07-18,8,2043,417,2460,OK,
2026-07-20 22:53:39,gpt-4o-mini-2024-07-18,8,2080,407,2487,OK,
2026-07-20 22:53:44,gpt-4o-mini-2024-07-18,8,2209,414,2623,OK,
2026-07-20 22:53:50,gpt-4o-mini-2024-07-18,8,2143,423,2566,OK,
2026-07-20 22:53:57,gpt-4o-mini-2024-07-18,8,2036,422,2458,OK,
2026-07-20 22:54:02,gpt-4o-mini-2024-07-18,8,2154,419,2573,OK,
2026-07-20 22:54:08,gpt-4o-mini-2024-07-18,8,2257,417,2674,OK,
2026-07-20 22:54:14,gpt-4o-mini-2024-07-18,8,2215,439,2654,OK,
2026-07-20 22:54:19,gpt-4o-mini-2024-07-18,8,2058,425,2483,OK,
2026-07-20 22:54:25,gpt-4o-mini-2024-07-18,8,2352,424,2776,OK,
2026-07-20 22:54:31,gpt-4o-mini-2024-07-18,8,2199,412,2611,OK,
2026-07-20 22:54:37,gpt-4o-mini-2024-07-18,8,2345,418,2763,OK,
2026-07-20 22:54:43,gpt-4o-mini-2024-07-18,8,2332,429,2761,OK,
2026-07-20 22:54:50,gpt-4o-mini-2024-07-18,8,2283,426,2709,OK,
2026-07-20 22:54:56,gpt-4o-mini-2024-07-18,8,2039,424,2463,OK,
2026-07-20 22:55:02,gpt-4o-mini-2024-07-18,8,2079,413,2492,OK,
2026-07-20 22:55:07,gpt-4o-mini-2024-07-18,8,1983,429,2412,OK,
2026-07-20 22:55:13,gpt-4o-mini-2024-07-18,8,2169,423,2592,OK,
2026-07-20 22:55:19,gpt-4o-mini-2024-07-18,8,2232,416,2648,OK,
2026-07-20 22:55:24,gpt-4o-mini-2024-07-18,8,2252,408,2660,OK,
2026-07-20 22:55:31,gpt-4o-mini-2024-07-18,8,2180,408,2588,OK,
2026-07-20 22:55:39,gpt-4o-mini-2024-07-18,8,2208,427,2635,OK,
2026-07-20 22:55:45,gpt-4o-mini-2024-07-18,8,2403,413,2816,OK,
2026-07-20 22:55:51,gpt-4o-mini-2024-07-18,8,2310,405,2715,OK,
2026-07-20 22:55:57,gpt-4o-mini-2024-07-18,8,2165,416,2581,OK,
2026-07-20 22:56:03,gpt-4o-mini-2024-07-18,8,2262,430,2692,OK,
2026-07-20 22:56:10,gpt-4o-mini-2024-07-18,8,2186,429,2615,OK,
2026-07-20 22:56:18,gpt-4o-mini-2024-07-18,8,2207,431,2638,OK,
2026-07-20 22:56:24,gpt-4o-mini-2024-07-18,8,2131,420,2551,OK,
2026-07-20 22:56:30,gpt-4o-mini-2024-07-18,8,2142,427,2569,OK,
2026-07-20 22:56:36,gpt-4o-mini-2024-07-18,8,2045,431,2476,OK,
2026-07-20 22:56:42,gpt-4o-mini-2024-07-18,8,2111,408,2519,OK,
2026-07-20 22:56:48,gpt-4o-mini-2024-07-18,8,2126,418,2544,OK,
2026-07-20 22:56:54,gpt-4o-mini-2024-07-18,8,2091,422,2513,OK,
2026-07-20 22:56:59,gpt-4o-mini-2024-07-18,8,1879,425,2304,OK,
2026-07-20 22:57:05,gpt-4o-mini-2024-07-18,8,2036,414,2450,OK,
2026-07-20 22:57:11,gpt-4o-mini-2024-07-18,8,2039,417,2456,OK,
2026-07-20 22:57:16,gpt-4o-mini-2024-07-18,8,2108,413,2521,OK,
2026-07-20 22:57:21,gpt-4o-mini-2024-07-18,8,2084,418,2502,OK,
2026-07-20 22:57:27,gpt-4o-mini-2024-07-18,8,1950,421,2371,OK,
2026-07-20 22:57:33,gpt-4o-mini-2024-07-18,8,2156,425,2581,OK,
2026-07-20 22:57:39,gpt-4o-mini-2024-07-18,8,2172,420,2592,OK,
2026-07-20 22:57:46,gpt-4o-mini-2024-07-18,8,2079,415,2494,OK,
2026-07-20 22:57:52,gpt-4o-mini-2024-07-18,8,2133,424,2557,OK,
2026-07-20 22:57:59,gpt-4o-mini-2024-07-18,8,2116,433,2549,OK,
2026-07-20 22:58:05,gpt-4o-mini-2024-07-18,8,2158,411,2569,OK,
2026-07-20 22:58:11,gpt-4o-mini-2024-07-18,8,2190,431,2621,OK,
2026-07-20 22:58:16,gpt-4o-mini-2024-07-18,8,2222,431,2653,OK,
2026-07-20 22:58:22,gpt-4o-mini-2024-07-18,8,1954,429,2383,OK,
2026-07-20 22:58:28,gpt-4o-mini-2024-07-18,8,2063,420,2483,OK,
2026-07-20 22:58:33,gpt-4o-mini-2024-07-18,8,2068,420,2488,OK,
2026-07-20 22:58:39,gpt-4o-mini-2024-07-18,8,2049,433,2482,OK,
2026-07-20 22:58:45,gpt-4o-mini-2024-07-18,8,2079,428,2507,OK,
2026-07-20 22:58:51,gpt-4o-mini-2024-07-18,8,2051,421,2472,OK,
2026-07-20 22:58:57,gpt-4o-mini-2024-07-18,8,2113,436,2549,OK,
2026-07-20 22:59:03,gpt-4o-mini-2024-07-18,8,2173,428,2601,OK,
2026-07-20 22:59:08,gpt-4o-mini-2024-07-18,8,2114,418,2532,OK,
2026-07-20 22:59:14,gpt-4o-mini-2024-07-18,8,2085,423,2508,OK,
2026-07-20 22:59:23,gpt-4o-mini-2024-07-18,8,2089,416,2505,OK,
2026-07-20 22:59:36,gpt-4o-mini-2024-07-18,8,2089,423,2512,OK,
2026-07-20 22:59:51,gpt-4o-mini-2024-07-18,8,2136,422,2558,OK,
2026-07-20 23:00:03,gpt-4o-mini-2024-07-18,8,2291,416,2707,OK,
2026-07-20 23:00:12,gpt-4o-mini-2024-07-18,8,2234,415,2649,OK,
2026-07-20 23:00:22,gpt-4o-mini-2024-07-18,8,2066,419,2485,OK,
2026-07-20 23:00:30,gpt-4o-mini-2024-07-18,8,2207,422,2629,OK,
2026-07-20 23:00:40,gpt-4o-mini-2024-07-18,8,2078,428,2506,OK,
2026-07-20 23:00:50,gpt-4o-mini-2024-07-18,8,2078,423,2501,OK,
2026-07-20 23:00:59,gpt-4o-mini-2024-07-18,8,2223,423,2646,OK,
2026-07-20 23:01:07,gpt-4o-mini-2024-07-18,8,2205,408,2613,OK,
2026-07-20 23:01:16,gpt-4o-mini-2024-07-18,8,2200,428,2628,OK,
2026-07-20 23:01:26,gpt-4o-mini-2024-07-18,8,2123,426,2549,OK,
2026-07-20 23:01:34,gpt-4o-mini-2024-07-18,8,2124,423,2547,OK,
2026-07-20 23:01:44,gpt-4o-mini-2024-07-18,8,2040,419,2459,OK,
2026-07-20 23:01:52,gpt-4o-mini-2024-07-18,8,2011,414,2425,OK,
2026-07-20 23:02:00,gpt-4o-mini-2024-07-18,8,2041,406,2447,OK,
2026-07-20 23:02:08,gpt-4o-mini-2024-07-18,8,2007,420,2427,OK,
2026-07-20 23:02:16,gpt-4o-mini-2024-07-18,8,2100,429,2529,OK,
2026-07-20 23:02:25,gpt-4o-mini-2024-07-18,8,2084,433,2517,OK,
2026-07-20 23:02:33,gpt-4o-mini-2024-07-18,8,2035,424,2459,OK,
2026-07-20 23:02:40,gpt-4o-mini-2024-07-18,8,2051,409,2460,OK,
2026-07-20 23:02:47,gpt-4o-mini-2024-07-18,8,2064,420,2484,OK,
2026-07-20 23:02:54,gpt-4o-mini-2024-07-18,8,2098,420,2518,OK,
2026-07-20 23:03:03,gpt-4o-mini-2024-07-18,8,2078,421,2499,OK,
2026-07-20 23:03:11,gpt-4o-mini-2024-07-18,8,2110,426,2536,OK,
2026-07-20 23:03:18,gpt-4o-mini-2024-07-18,8,2087,405,2492,OK,
2026-07-20 23:03:25,gpt-4o-mini-2024-07-18,8,2220,425,2645,OK,
2026-07-20 23:03:31,gpt-4o-mini-2024-07-18,8,2234,423,2657,OK,
2026-07-20 23:03:39,gpt-4o-mini-2024-07-18,8,2092,403,2495,OK,
2026-07-20 23:03:47,gpt-4o-mini-2024-07-18,8,2060,413,2473,OK,
2026-07-20 23:03:54,gpt-4o-mini-2024-07-18,8,2037,418,2455,OK,
2026-07-20 23:04:01,gpt-4o-mini-2024-07-18,8,2070,411,2481,OK,
2026-07-20 23:04:07,gpt-4o-mini-2024-07-18,8,2080,417,2497,OK,
2026-07-20 23:04:14,gpt-4o-mini-2024-07-18,8,2061,416,2477,OK,
2026-07-20 23:04:21,gpt-4o-mini-2024-07-18,8,2084,428,2512,OK,
2026-07-20 23:04:29,gpt-4o-mini-2024-07-18,8,2074,428,2502,OK,
2026-07-20 23:04:36,gpt-4o-mini-2024-07-18,8,2207,430,2637,OK,
2026-07-20 23:04:44,gpt-4o-mini-2024-07-18,8,2079,420,2499,OK,
2026-07-20 23:04:52,gpt-4o-mini-2024-07-18,8,1914,418,2332,OK,
2026-07-20 23:04:58,gpt-4o-mini-2024-07-18,8,1983,436,2419,OK,
2026-07-20 23:05:05,gpt-4o-mini-2024-07-18,8,2072,421,2493,OK,
2026-07-20 23:05:12,gpt-4o-mini-2024-07-18,8,2093,414,2507,OK,
2026-07-20 23:05:19,gpt-4o-mini-2024-07-18,8,1960,407,2367,OK,
2026-07-20 23:05:26,gpt-4o-mini-2024-07-18,8,2007,442,2449,OK,
2026-07-20 23:05:34,gpt-4o-mini-2024-07-18,8,2053,422,2475,OK,
2026-07-20 23:05:41,gpt-4o-mini-2024-07-18,8,2010,409,2419,OK,
2026-07-20 23:05:48,gpt-4o-mini-2024-07-18,8,2117,415,2532,OK,
2026-07-20 23:05:54,gpt-4o-mini-2024-07-18,8,2073,423,2496,OK,
2026-07-20 23:06:00,gpt-4o-mini-2024-07-18,8,1900,411,2311,OK,
2026-07-20 23:06:07,gpt-4o-mini-2024-07-18,8,2217,424,2641,OK,
2026-07-20 23:06:14,gpt-4o-mini-2024-07-18,8,2126,426,2552,OK,
2026-07-20 23:06:21,gpt-4o-mini-2024-07-18,8,2140,435,2575,OK,
2026-07-20 23:06:27,gpt-4o-mini-2024-07-18,8,1960,419,2379,OK,
2026-07-20 23:06:34,gpt-4o-mini-2024-07-18,8,2012,440,2452,OK,
2026-07-20 23:06:41,gpt-4o-mini-2024-07-18,8,2016,418,2434,OK,
2026-07-20 23:06:48,gpt-4o-mini-2024-07-18,8,2098,434,2532,OK,
2026-07-20 23:06:55,gpt-4o-mini-2024-07-18,8,2162,430,2592,OK,
2026-07-20 23:07:03,gpt-4o-mini-2024-07-18,8,2128,429,2557,OK,
2026-07-20 23:07:10,gpt-4o-mini-2024-07-18,8,2168,419,2587,OK,
2026-07-20 23:07:16,gpt-4o-mini-2024-07-18,8,2163,409,2572,OK,
2026-07-20 23:07:26,gpt-4o-mini-2024-07-18,8,2116,431,2547,OK,
2026-07-20 23:07:32,gpt-4o-mini-2024-07-18,8,2017,412,2429,OK,
2026-07-20 23:07:38,gpt-4o-mini-2024-07-18,8,1945,427,2372,OK,
2026-07-20 23:07:46,gpt-4o-mini-2024-07-18,8,2058,436,2494,OK,
2026-07-20 23:07:54,gpt-4o-mini-2024-07-18,8,1866,412,2278,OK,
2026-07-20 23:08:00,gpt-4o-mini-2024-07-18,8,2091,426,2517,OK,
2026-07-20 23:08:06,gpt-4o-mini-2024-07-18,8,2263,426,2689,OK,
2026-07-20 23:08:13,gpt-4o-mini-2024-07-18,8,2448,437,2885,OK,
2026-07-20 23:08:20,gpt-4o-mini-2024-07-18,8,2127,434,2561,OK,
2026-07-20 23:08:27,gpt-4o-mini-2024-07-18,8,2136,434,2570,OK,
2026-07-20 23:08:34,gpt-4o-mini-2024-07-18,8,2196,427,2623,OK,
2026-07-20 23:08:40,gpt-4o-mini-2024-07-18,8,2220,429,2649,OK,
2026-07-20 23:08:46,gpt-4o-mini-2024-07-18,8,2287,428,2715,OK,
2026-07-20 23:08:52,gpt-4o-mini-2024-07-18,8,2412,430,2842,OK,
2026-07-20 23:08:58,gpt-4o-mini-2024-07-18,8,2251,416,2667,OK,
2026-07-20 23:09:05,gpt-4o-mini-2024-07-18,8,2239,421,2660,OK,
2026-07-20 23:09:11,gpt-4o-mini-2024-07-18,8,2350,431,2781,OK,
2026-07-20 23:09:17,gpt-4o-mini-2024-07-18,8,2229,431,2660,OK,
2026-07-20 23:09:24,gpt-4o-mini-2024-07-18,8,2416,449,2865,OK,
2026-07-20 23:09:32,gpt-4o-mini-2024-07-18,8,2314,446,2760,OK,
2026-07-20 23:09:39,gpt-4o-mini-2024-07-18,8,2076,439,2515,OK,
2026-07-20 23:09:45,gpt-4o-mini-2024-07-18,8,2062,432,2494,OK,
2026-07-20 23:09:52,gpt-4o-mini-2024-07-18,8,2152,450,2602,OK,
2026-07-20 23:09:58,gpt-4o-mini-2024-07-18,8,1949,435,2384,OK,
2026-07-20 23:10:05,gpt-4o-mini-2024-07-18,8,1996,431,2427,OK,
2026-07-20 23:10:13,gpt-4o-mini-2024-07-18,8,1948,427,2375,OK,
2026-07-20 23:10:19,gpt-4o-mini-2024-07-18,8,1899,430,2329,OK,
2026-07-20 23:10:26,gpt-4o-mini-2024-07-18,8,1954,421,2375,OK,
2026-07-20 23:10:33,gpt-4o-mini-2024-07-18,8,1938,423,2361,OK,
2026-07-20 23:10:40,gpt-4o-mini-2024-07-18,8,1946,421,2367,OK,
2026-07-20 23:10:47,gpt-4o-mini-2024-07-18,8,2104,438,2542,OK,
2026-07-20 23:11:06,gpt-4o-mini-2024-07-18,8,1907,429,2336,OK,
2026-07-20 23:11:12,gpt-4o-mini-2024-07-18,8,1977,440,2417,OK,
2026-07-20 23:11:19,gpt-4o-mini-2024-07-18,8,2051,424,2475,OK,
2026-07-20 23:11:27,gpt-4o-mini-2024-07-18,8,1993,436,2429,OK,
2026-07-20 23:11:33,gpt-4o-mini-2024-07-18,8,2027,429,2456,OK,
2026-07-20 23:11:40,gpt-4o-mini-2024-07-18,8,2026,422,2448,OK,
2026-07-20 23:11:46,gpt-4o-mini-2024-07-18,8,2063,419,2482,OK,
2026-07-20 23:11:53,gpt-4o-mini-2024-07-18,8,2197,441,2638,OK,
2026-07-20 23:11:59,gpt-4o-mini-2024-07-18,8,2148,431,2579,OK,
2026-07-20 23:12:05,gpt-4o-mini-2024-07-18,8,2080,424,2504,OK,
2026-07-20 23:12:12,gpt-4o-mini-2024-07-18,8,2043,436,2479,OK,
2026-07-20 23:12:19,gpt-4o-mini-2024-07-18,8,2040,441,2481,OK,
2026-07-20 23:12:26,gpt-4o-mini-2024-07-18,8,2020,433,2453,OK,
2026-07-20 23:12:33,gpt-4o-mini-2024-07-18,8,1943,430,2373,OK,
2026-07-20 23:12:41,gpt-4o-mini-2024-07-18,8,2022,423,2445,OK,
2026-07-20 23:12:48,gpt-4o-mini-2024-07-18,8,2115,429,2544,OK,
2026-07-20 23:12:54,gpt-4o-mini-2024-07-18,8,2131,447,2578,OK,
2026-07-20 23:13:01,gpt-4o-mini-2024-07-18,8,2320,437,2757,OK,
2026-07-20 23:13:08,gpt-4o-mini-2024-07-18,8,2231,435,2666,OK,
2026-07-20 23:13:14,gpt-4o-mini-2024-07-18,8,2081,431,2512,OK,
2026-07-20 23:13:21,gpt-4o-mini-2024-07-18,8,2144,440,2584,OK,
2026-07-20 23:13:29,gpt-4o-mini-2024-07-18,8,2076,432,2508,OK,
2026-07-20 23:13:35,gpt-4o-mini-2024-07-18,8,2138,428,2566,OK,
2026-07-20 23:13:42,gpt-4o-mini-2024-07-18,8,2145,426,2571,OK,
2026-07-20 23:13:49,gpt-4o-mini-2024-07-18,8,2237,433,2670,OK,
2026-07-20 23:13:56,gpt-4o-mini-2024-07-18,8,2243,432,2675,OK,
2026-07-20 23:14:05,gpt-4o-mini-2024-07-18,8,2244,424,2668,OK,
2026-07-20 23:14:12,gpt-4o-mini-2024-07-18,8,2246,430,2676,OK,
2026-07-20 23:14:19,gpt-4o-mini-2024-07-18,8,2279,445,2724,OK,
2026-07-20 23:14:27,gpt-4o-mini-2024-07-18,8,2300,429,2729,OK,
2026-07-20 23:14:36,gpt-4o-mini-2024-07-18,8,2076,419,2495,OK,
2026-07-20 23:14:42,gpt-4o-mini-2024-07-18,8,1934,425,2359,OK,
2026-07-20 23:14:50,gpt-4o-mini-2024-07-18,8,2153,438,2591,OK,
2026-07-20 23:14:57,gpt-4o-mini-2024-07-18,8,2033,432,2465,OK,
2026-07-20 23:15:05,gpt-4o-mini-2024-07-18,8,2120,423,2543,OK,
2026-07-20 23:15:13,gpt-4o-mini-2024-07-18,8,2115,429,2544,OK,
2026-07-20 23:15:20,gpt-4o-mini-2024-07-18,8,2059,424,2483,OK,
2026-07-20 23:15:28,gpt-4o-mini-2024-07-18,8,2171,439,2610,OK,
2026-07-20 23:15:36,gpt-4o-mini-2024-07-18,8,2259,442,2701,OK,
2026-07-20 23:15:44,gpt-4o-mini-2024-07-18,8,2139,435,2574,OK,
2026-07-20 23:15:53,gpt-4o-mini-2024-07-18,8,2078,447,2525,OK,
2026-07-20 23:16:01,gpt-4o-mini-2024-07-18,8,2068,419,2487,OK,
2026-07-20 23:16:08,gpt-4o-mini-2024-07-18,8,2095,440,2535,OK,
2026-07-20 23:16:16,gpt-4o-mini-2024-07-18,8,1946,438,2384,OK,
2026-07-20 23:16:22,gpt-4o-mini-2024-07-18,8,1989,422,2411,OK,
2026-07-20 23:16:29,gpt-4o-mini-2024-07-18,8,2111,439,2550,OK,
2026-07-20 23:16:39,gpt-4o-mini-2024-07-18,8,2018,429,2447,OK,
2026-07-20 23:16:46,gpt-4o-mini-2024-07-18,8,2057,435,2492,OK,
2026-07-20 23:16:53,gpt-4o-mini-2024-07-18,8,1865,427,2292,OK,
2026-07-20 23:17:00,gpt-4o-mini-2024-07-18,8,1997,413,2410,OK,
2026-07-20 23:17:08,gpt-4o-mini-2024-07-18,8,2026,437,2463,OK,
2026-07-20 23:17:15,gpt-4o-mini-2024-07-18,8,2030,418,2448,OK,
2026-07-20 23:17:21,gpt-4o-mini-2024-07-18,8,2421,438,2859,OK,
2026-07-20 23:17:30,gpt-4o-mini-2024-07-18,8,2430,430,2860,OK,
2026-07-20 23:17:38,gpt-4o-mini-2024-07-18,8,2150,423,2573,OK,
2026-07-20 23:17:44,gpt-4o-mini-2024-07-18,8,2192,428,2620,OK,
2026-07-20 23:17:52,gpt-4o-mini-2024-07-18,8,2222,445,2667,OK,
2026-07-20 23:17:58,gpt-4o-mini-2024-07-18,8,2264,430,2694,OK,
2026-07-20 23:18:05,gpt-4o-mini-2024-07-18,8,2046,423,2469,OK,
2026-07-20 23:18:12,gpt-4o-mini-2024-07-18,8,2047,427,2474,OK,
2026-07-20 23:18:19,gpt-4o-mini-2024-07-18,8,2130,419,2549,OK,
2026-07-20 23:18:26,gpt-4o-mini-2024-07-18,8,2273,438,2711,OK,
2026-07-20 23:18:33,gpt-4o-mini-2024-07-18,8,2098,416,2514,OK,
2026-07-20 23:18:40,gpt-4o-mini-2024-07-18,8,2012,430,2442,OK,
2026-07-20 23:18:48,gpt-4o-mini-2024-07-18,8,2100,434,2534,OK,
2026-07-20 23:18:55,gpt-4o-mini-2024-07-18,8,2081,435,2516,OK,
2026-07-20 23:19:02,gpt-4o-mini-2024-07-18,8,2129,434,2563,OK,
2026-07-20 23:19:09,gpt-4o-mini-2024-07-18,8,1987,425,2412,OK,
2026-07-20 23:19:16,gpt-4o-mini-2024-07-18,8,2071,432,2503,OK,
2026-07-20 23:19:23,gpt-4o-mini-2024-07-18,8,2045,422,2467,OK,
2026-07-20 23:19:30,gpt-4o-mini-2024-07-18,8,2123,432,2555,OK,
2026-07-20 23:19:36,gpt-4o-mini-2024-07-18,8,2019,437,2456,OK,
2026-07-20 23:19:43,gpt-4o-mini-2024-07-18,8,1963,420,2383,OK,
2026-07-20 23:19:48,gpt-4o-mini-2024-07-18,8,1969,425,2394,OK,
2026-07-20 23:20:01,gpt-4o-mini-2024-07-18,8,1911,438,2349,OK,
2026-07-20 23:20:10,gpt-4o-mini-2024-07-18,8,2002,422,2424,OK,
2026-07-20 23:20:20,gpt-4o-mini-2024-07-18,8,1952,435,2387,OK,
2026-07-20 23:20:29,gpt-4o-mini-2024-07-18,8,2010,439,2449,OK,
2026-07-20 23:20:36,gpt-4o-mini-2024-07-18,8,2005,436,2441,OK,
2026-07-20 23:20:44,gpt-4o-mini-2024-07-18,8,2057,437,2494,OK,
2026-07-20 23:20:50,gpt-4o-mini-2024-07-18,8,2025,416,2441,OK,
2026-07-20 23:20:57,gpt-4o-mini-2024-07-18,8,2014,423,2437,OK,
2026-07-20 23:21:04,gpt-4o-mini-2024-07-18,8,2019,433,2452,OK,
2026-07-20 23:21:12,gpt-4o-mini-2024-07-18,8,2014,437,2451,OK,
2026-07-20 23:21:19,gpt-4o-mini-2024-07-18,8,2106,427,2533,OK,
2026-07-20 23:21:27,gpt-4o-mini-2024-07-18,8,2020,430,2450,OK,
2026-07-20 23:21:33,gpt-4o-mini-2024-07-18,8,2182,446,2628,OK,
2026-07-20 23:21:39,gpt-4o-mini-2024-07-18,8,2052,431,2483,OK,
2026-07-20 23:21:46,gpt-4o-mini-2024-07-18,8,1990,429,2419,OK,
2026-07-20 23:21:54,gpt-4o-mini-2024-07-18,8,1994,425,2419,OK,
2026-07-20 23:22:01,gpt-4o-mini-2024-07-18,8,2043,458,2501,OK,
2026-07-20 23:22:08,gpt-4o-mini-2024-07-18,8,2038,433,2471,OK,
2026-07-20 23:22:14,gpt-4o-mini-2024-07-18,8,2029,438,2467,OK,
2026-07-20 23:22:20,gpt-4o-mini-2024-07-18,8,2110,429,2539,OK,
2026-07-20 23:22:28,gpt-4o-mini-2024-07-18,8,1979,435,2414,OK,
2026-07-20 23:22:35,gpt-4o-mini-2024-07-18,8,2146,438,2584,OK,
2026-07-20 23:22:42,gpt-4o-mini-2024-07-18,8,2223,435,2658,OK,
2026-07-20 23:22:49,gpt-4o-mini-2024-07-18,8,1913,425,2338,OK,
2026-07-20 23:22:56,gpt-4o-mini-2024-07-18,8,1910,445,2355,OK,
2026-07-20 23:23:04,gpt-4o-mini-2024-07-18,8,2044,440,2484,OK,
2026-07-20 23:23:11,gpt-4o-mini-2024-07-18,8,2160,430,2590,OK,
2026-07-20 23:23:21,gpt-4o-mini-2024-07-18,8,1981,437,2418,OK,
2026-07-20 23:23:30,gpt-4o-mini-2024-07-18,8,2051,439,2490,OK,
2026-07-20 23:23:38,gpt-4o-mini-2024-07-18,8,2173,434,2607,OK,
2026-07-20 23:23:46,gpt-4o-mini-2024-07-18,8,2160,429,2589,OK,
2026-07-20 23:23:56,gpt-4o-mini-2024-07-18,8,2018,425,2443,OK,
2026-07-20 23:24:04,gpt-4o-mini-2024-07-18,8,2079,437,2516,OK,
2026-07-20 23:24:13,gpt-4o-mini-2024-07-18,8,2025,427,2452,OK,
2026-07-20 23:24:20,gpt-4o-mini-2024-07-18,8,1933,426,2359,OK,
2026-07-20 23:24:31,gpt-4o-mini-2024-07-18,8,2051,424,2475,OK,
2026-07-20 23:24:38,gpt-4o-mini-2024-07-18,8,1859,430,2289,OK,
2026-07-20 23:24:45,gpt-4o-mini-2024-07-18,8,1997,426,2423,OK,
2026-07-20 23:24:51,gpt-4o-mini-2024-07-18,8,2252,420,2672,OK,
2026-07-20 23:24:57,gpt-4o-mini-2024-07-18,8,2351,433,2784,OK,
2026-07-20 23:25:04,gpt-4o-mini-2024-07-18,8,2030,438,2468,OK,
2026-07-20 23:25:10,gpt-4o-mini-2024-07-18,8,1998,419,2417,OK,
2026-07-20 23:25:17,gpt-4o-mini-2024-07-18,8,1888,427,2315,OK,
2026-07-20 23:25:24,gpt-4o-mini-2024-07-18,8,1881,436,2317,OK,
2026-07-20 23:25:30,gpt-4o-mini-2024-07-18,8,2038,438,2476,OK,
2026-07-20 23:25:37,gpt-4o-mini-2024-07-18,8,1888,414,2302,OK,
2026-07-20 23:25:43,gpt-4o-mini-2024-07-18,8,1914,419,2333,OK,
2026-07-20 23:25:48,gpt-4o-mini-2024-07-18,8,1927,429,2356,OK,
2026-07-20 23:25:56,gpt-4o-mini-2024-07-18,8,1919,436,2355,OK,
2026-07-20 23:26:06,gpt-4o-mini-2024-07-18,8,2020,439,2459,OK,
2026-07-20 23:26:13,gpt-4o-mini-2024-07-18,8,1933,418,2351,OK,
2026-07-20 23:26:20,gpt-4o-mini-2024-07-18,8,2134,445,2579,OK,
2026-07-20 23:26:26,gpt-4o-mini-2024-07-18,8,2078,426,2504,OK,
2026-07-20 23:26:37,gpt-4o-mini-2024-07-18,8,2075,423,2498,OK,
2026-07-20 23:26:47,gpt-4o-mini-2024-07-18,8,2058,434,2492,OK,
2026-07-20 23:26:56,gpt-4o-mini-2024-07-18,8,2034,439,2473,OK,
2026-07-20 23:27:05,gpt-4o-mini-2024-07-18,8,1974,427,2401,OK,
2026-07-20 23:27:13,gpt-4o-mini-2024-07-18,8,1953,431,2384,OK,
2026-07-20 23:27:22,gpt-4o-mini-2024-07-18,8,1942,417,2359,OK,
2026-07-20 23:27:31,gpt-4o-mini-2024-07-18,8,1923,436,2359,OK,
2026-07-20 23:27:40,gpt-4o-mini-2024-07-18,8,2060,436,2496,OK,
2026-07-20 23:27:47,gpt-4o-mini-2024-07-18,8,2196,422,2618,OK,
2026-07-20 23:27:54,gpt-4o-mini-2024-07-18,8,2145,425,2570,OK,
2026-07-20 23:28:01,gpt-4o-mini-2024-07-18,8,2104,426,2530,OK,
2026-07-20 23:28:07,gpt-4o-mini-2024-07-18,8,2088,416,2504,OK,
2026-07-20 23:28:14,gpt-4o-mini-2024-07-18,8,2226,436,2662,OK,
2026-07-20 23:28:21,gpt-4o-mini-2024-07-18,8,2275,430,2705,OK,
2026-07-20 23:28:28,gpt-4o-mini-2024-07-18,8,2053,436,2489,OK,
2026-07-20 23:28:35,gpt-4o-mini-2024-07-18,8,2225,419,2644,OK,
2026-07-20 23:28:42,gpt-4o-mini-2024-07-18,8,2270,422,2692,OK,
2026-07-20 23:28:48,gpt-4o-mini-2024-07-18,8,2340,425,2765,OK,
2026-07-20 23:28:55,gpt-4o-mini-2024-07-18,8,2320,411,2731,OK,
2026-07-20 23:29:02,gpt-4o-mini-2024-07-18,8,2288,431,2719,OK,
2026-07-20 23:29:10,gpt-4o-mini-2024-07-18,8,2102,414,2516,OK,
2026-07-20 23:29:22,gpt-4o-mini-2024-07-18,8,2074,421,2495,OK,
2026-07-20 23:29:29,gpt-4o-mini-2024-07-18,8,2026,425,2451,OK,
2026-07-20 23:29:37,gpt-4o-mini-2024-07-18,8,2069,418,2487,OK,
2026-07-20 23:29:48,gpt-4o-mini-2024-07-18,8,2270,417,2687,OK,
2026-07-20 23:29:58,gpt-4o-mini-2024-07-18,8,2236,420,2656,OK,
2026-07-20 23:30:07,gpt-4o-mini-2024-07-18,8,2196,423,2619,OK,
2026-07-20 23:30:18,gpt-4o-mini-2024-07-18,8,2225,430,2655,OK,
2026-07-20 23:30:31,gpt-4o-mini-2024-07-18,8,2351,433,2784,OK,
2026-07-20 23:30:41,gpt-4o-mini-2024-07-18,8,2295,412,2707,OK,
2026-07-20 23:30:50,gpt-4o-mini-2024-07-18,8,2200,427,2627,OK,
2026-07-20 23:30:59,gpt-4o-mini-2024-07-18,8,2273,436,2709,OK,
2026-07-20 23:31:09,gpt-4o-mini-2024-07-18,8,2194,413,2607,OK,
2026-07-20 23:31:18,gpt-4o-mini-2024-07-18,8,2213,439,2652,OK,
2026-07-20 23:31:28,gpt-4o-mini-2024-07-18,8,2189,411,2600,OK,
2026-07-20 23:31:37,gpt-4o-mini-2024-07-18,8,2085,423,2508,OK,
2026-07-20 23:31:46,gpt-4o-mini-2024-07-18,8,2052,431,2483,OK,
2026-07-20 23:31:52,gpt-4o-mini-2024-07-18,8,2083,418,2501,OK,
2026-07-20 23:31:59,gpt-4o-mini-2024-07-18,8,2202,417,2619,OK,
2026-07-20 23:32:07,gpt-4o-mini-2024-07-18,8,2098,409,2507,OK,
2026-07-20 23:32:14,gpt-4o-mini-2024-07-18,8,1915,425,2340,OK,
2026-07-20 23:32:21,gpt-4o-mini-2024-07-18,8,2003,417,2420,OK,
2026-07-20 23:32:28,gpt-4o-mini-2024-07-18,8,2012,418,2430,OK,
2026-07-20 23:32:34,gpt-4o-mini-2024-07-18,8,2122,415,2537,OK,
2026-07-20 23:32:40,gpt-4o-mini-2024-07-18,8,2089,420,2509,OK,
2026-07-20 23:32:47,gpt-4o-mini-2024-07-18,8,1945,431,2376,OK,
2026-07-20 23:32:53,gpt-4o-mini-2024-07-18,8,2073,422,2495,OK,
2026-07-20 23:33:04,gpt-4o-mini-2024-07-18,8,2248,439,2687,OK,
2026-07-20 23:33:12,gpt-4o-mini-2024-07-18,8,2068,414,2482,OK,
2026-07-20 23:33:17,gpt-4o-mini-2024-07-18,8,2145,414,2559,OK,
2026-07-20 23:33:24,gpt-4o-mini-2024-07-18,8,2071,435,2506,OK,
2026-07-20 23:33:31,gpt-4o-mini-2024-07-18,8,2151,426,2577,OK,
2026-07-20 23:33:38,gpt-4o-mini-2024-07-18,8,2204,438,2642,OK,
2026-07-20 23:33:44,gpt-4o-mini-2024-07-18,8,2258,447,2705,OK,
2026-07-20 23:33:52,gpt-4o-mini-2024-07-18,8,2033,441,2474,OK,
2026-07-20 23:33:58,gpt-4o-mini-2024-07-18,8,2028,417,2445,OK,
2026-07-20 23:34:05,gpt-4o-mini-2024-07-18,8,2074,427,2501,OK,
2026-07-20 23:34:14,gpt-4o-mini-2024-07-18,8,2019,423,2442,OK,
2026-07-20 23:34:20,gpt-4o-mini-2024-07-18,8,2036,425,2461,OK,
2026-07-20 23:34:26,gpt-4o-mini-2024-07-18,8,2123,422,2545,OK,
2026-07-20 23:34:34,gpt-4o-mini-2024-07-18,8,2070,415,2485,OK,
2026-07-20 23:34:41,gpt-4o-mini-2024-07-18,8,2158,411,2569,OK,
2026-07-20 23:34:50,gpt-4o-mini-2024-07-18,8,2157,419,2576,OK,
2026-07-20 23:34:57,gpt-4o-mini-2024-07-18,8,2067,424,2491,OK,
2026-07-20 23:35:06,gpt-4o-mini-2024-07-18,8,2068,423,2491,OK,
2026-07-20 23:35:15,gpt-4o-mini-2024-07-18,8,2125,431,2556,OK,
2026-07-20 23:35:24,gpt-4o-mini-2024-07-18,8,2117,410,2527,OK,
2026-07-20 23:35:31,gpt-4o-mini-2024-07-18,8,2244,408,2652,OK,
2026-07-20 23:35:40,gpt-4o-mini-2024-07-18,8,2292,420,2712,OK,
2026-07-20 23:35:47,gpt-4o-mini-2024-07-18,8,2076,411,2487,OK,
2026-07-20 23:35:53,gpt-4o-mini-2024-07-18,8,2157,427,2584,OK,
2026-07-20 23:36:00,gpt-4o-mini-2024-07-18,8,2123,433,2556,OK,
2026-07-20 23:36:08,gpt-4o-mini-2024-07-18,8,2034,432,2466,OK,
2026-07-20 23:36:15,gpt-4o-mini-2024-07-18,8,2053,419,2472,OK,
2026-07-20 23:36:22,gpt-4o-mini-2024-07-18,8,2010,421,2431,OK,
2026-07-20 23:36:28,gpt-4o-mini-2024-07-18,8,2035,413,2448,OK,
2026-07-20 23:36:33,gpt-4o-mini-2024-07-18,8,2022,408,2430,OK,
2026-07-20 23:36:39,gpt-4o-mini-2024-07-18,8,2110,416,2526,OK,
2026-07-20 23:36:45,gpt-4o-mini-2024-07-18,8,2079,426,2505,OK,
2026-07-20 23:36:52,gpt-4o-mini-2024-07-18,8,2012,430,2442,OK,
2026-07-20 23:36:59,gpt-4o-mini-2024-07-18,8,2135,414,2549,OK,
2026-07-20 23:37:05,gpt-4o-mini-2024-07-18,8,2251,407,2658,OK,
2026-07-20 23:37:12,gpt-4o-mini-2024-07-18,8,2174,430,2604,OK,
2026-07-20 23:37:19,gpt-4o-mini-2024-07-18,8,2153,423,2576,OK,
2026-07-20 23:37:24,gpt-4o-mini-2024-07-18,8,2105,409,2514,OK,
2026-07-20 23:37:31,gpt-4o-mini-2024-07-18,8,2100,410,2510,OK,
2026-07-20 23:37:37,gpt-4o-mini-2024-07-18,8,2035,410,2445,OK,
2026-07-20 23:37:44,gpt-4o-mini-2024-07-18,8,2116,422,2538,OK,
2026-07-20 23:37:50,gpt-4o-mini-2024-07-18,8,2102,417,2519,OK,
2026-07-20 23:37:56,gpt-4o-mini-2024-07-18,8,2068,434,2502,OK,
2026-07-20 23:38:03,gpt-4o-mini-2024-07-18,8,2139,420,2559,OK,
2026-07-20 23:38:11,gpt-4o-mini-2024-07-18,8,2163,420,2583,OK,
2026-07-20 23:38:18,gpt-4o-mini-2024-07-18,8,2247,432,2679,OK,
2026-07-20 23:38:24,gpt-4o-mini-2024-07-18,8,2128,411,2539,OK,
2026-07-20 23:38:31,gpt-4o-mini-2024-07-18,8,2023,426,2449,OK,
2026-07-20 23:38:37,gpt-4o-mini-2024-07-18,8,2076,408,2484,OK,
2026-07-20 23:38:43,gpt-4o-mini-2024-07-18,8,2049,415,2464,OK,
2026-07-20 23:38:50,gpt-4o-mini-2024-07-18,8,2075,413,2488,OK,
2026-07-20 23:38:57,gpt-4o-mini-2024-07-18,8,2093,430,2523,OK,
2026-07-20 23:39:05,gpt-4o-mini-2024-07-18,8,2041,415,2456,OK,
2026-07-20 23:39:18,gpt-4o-mini-2024-07-18,8,2056,427,2483,OK,
2026-07-20 23:39:25,gpt-4o-mini-2024-07-18,8,2191,430,2621,OK,
2026-07-20 23:39:33,gpt-4o-mini-2024-07-18,8,2161,424,2585,OK,
2026-07-20 23:39:40,gpt-4o-mini-2024-07-18,8,1964,427,2391,OK,
2026-07-20 23:39:48,gpt-4o-mini-2024-07-18,8,1907,425,2332,OK,
2026-07-20 23:39:54,gpt-4o-mini-2024-07-18,8,2065,418,2483,OK,
2026-07-20 23:40:00,gpt-4o-mini-2024-07-18,8,2061,413,2474,OK,
2026-07-20 23:40:06,gpt-4o-mini-2024-07-18,8,2071,427,2498,OK,
2026-07-20 23:40:14,gpt-4o-mini-2024-07-18,8,1931,426,2357,OK,
2026-07-20 23:40:22,gpt-4o-mini-2024-07-18,8,2056,418,2474,OK,
2026-07-20 23:40:28,gpt-4o-mini-2024-07-18,8,2032,416,2448,OK,
2026-07-20 23:40:35,gpt-4o-mini-2024-07-18,8,2112,411,2523,OK,
2026-07-20 23:40:42,gpt-4o-mini-2024-07-18,8,2079,427,2506,OK,
2026-07-20 23:40:48,gpt-4o-mini-2024-07-18,8,1943,436,2379,OK,
2026-07-20 23:40:54,gpt-4o-mini-2024-07-18,8,2054,412,2466,OK,
2026-07-20 23:41:04,gpt-4o-mini-2024-07-18,8,2231,424,2655,OK,
2026-07-20 23:41:10,gpt-4o-mini-2024-07-18,8,2115,412,2527,OK,
2026-07-20 23:41:16,gpt-4o-mini-2024-07-18,8,2012,430,2442,OK,
2026-07-20 23:41:22,gpt-4o-mini-2024-07-18,8,2029,415,2444,OK,
2026-07-20 23:41:28,gpt-4o-mini-2024-07-18,8,1966,432,2398,OK,
2026-07-20 23:41:34,gpt-4o-mini-2024-07-18,8,2098,413,2511,OK,
2026-07-20 23:41:40,gpt-4o-mini-2024-07-18,8,2137,410,2547,OK,
2026-07-20 23:41:47,gpt-4o-mini-2024-07-18,8,2150,429,2579,OK,
2026-07-20 23:41:53,gpt-4o-mini-2024-07-18,8,2155,412,2567,OK,
2026-07-20 23:42:00,gpt-4o-mini-2024-07-18,8,2158,422,2580,OK,
2026-07-20 23:42:06,gpt-4o-mini-2024-07-18,8,2152,427,2579,OK,
2026-07-20 23:42:13,gpt-4o-mini-2024-07-18,8,2052,449,2501,OK,
2026-07-20 23:42:31,gpt-4o-mini-2024-07-18,8,1927,426,2353,OK,
2026-07-20 23:42:38,gpt-4o-mini-2024-07-18,8,2087,412,2499,OK,
2026-07-20 23:42:44,gpt-4o-mini-2024-07-18,8,1884,434,2318,OK,
2026-07-20 23:42:51,gpt-4o-mini-2024-07-18,8,1915,417,2332,OK,
2026-07-20 23:43:02,gpt-4o-mini-2024-07-18,8,2356,418,2774,OK,
2026-07-20 23:43:08,gpt-4o-mini-2024-07-18,8,2320,447,2767,OK,
2026-07-20 23:43:14,gpt-4o-mini-2024-07-18,8,2347,444,2791,OK,
2026-07-20 23:43:20,gpt-4o-mini-2024-07-18,8,2018,424,2442,OK,
2026-07-20 23:43:26,gpt-4o-mini-2024-07-18,8,2222,433,2655,OK,
2026-07-20 23:43:33,gpt-4o-mini-2024-07-18,8,2188,435,2623,OK,
2026-07-20 23:43:38,gpt-4o-mini-2024-07-18,8,2247,427,2674,OK,
2026-07-20 23:43:44,gpt-4o-mini-2024-07-18,8,2487,419,2906,OK,
2026-07-20 23:43:50,gpt-4o-mini-2024-07-18,8,2197,427,2624,OK,
2026-07-20 23:43:55,gpt-4o-mini-2024-07-18,8,2220,429,2649,OK,
2026-07-20 23:44:01,gpt-4o-mini-2024-07-18,8,2354,432,2786,OK,
2026-07-20 23:44:15,gpt-4o-mini-2024-07-18,8,2276,418,2694,OK,
2026-07-20 23:44:24,gpt-4o-mini-2024-07-18,8,2279,438,2717,OK,
2026-07-20 23:44:31,gpt-4o-mini-2024-07-18,8,2410,438,2848,OK,
2026-07-20 23:44:40,gpt-4o-mini-2024-07-18,8,2189,432,2621,OK,
2026-07-20 23:44:50,gpt-4o-mini-2024-07-18,8,2115,436,2551,OK,
2026-07-20 23:45:00,gpt-4o-mini-2024-07-18,8,2139,452,2591,OK,
2026-07-20 23:45:10,gpt-4o-mini-2024-07-18,8,2045,438,2483,OK,
2026-07-20 23:45:23,gpt-4o-mini-2024-07-18,8,1982,418,2400,OK,
2026-07-20 23:45:40,gpt-4o-mini-2024-07-18,8,2053,429,2482,OK,
2026-07-20 23:45:50,gpt-4o-mini-2024-07-18,8,1901,424,2325,OK,
2026-07-20 23:46:00,gpt-4o-mini-2024-07-18,8,1917,445,2362,OK,
2026-07-20 23:46:09,gpt-4o-mini-2024-07-18,8,1955,438,2393,OK,
2026-07-20 23:46:16,gpt-4o-mini-2024-07-18,8,1923,419,2342,OK,
2026-07-20 23:46:28,gpt-4o-mini-2024-07-18,8,2019,442,2461,OK,
2026-07-20 23:46:40,gpt-4o-mini-2024-07-18,8,2042,456,2498,OK,
2026-07-20 23:46:47,gpt-4o-mini-2024-07-18,8,1907,414,2321,OK,
2026-07-20 23:46:55,gpt-4o-mini-2024-07-18,8,2015,424,2439,OK,
2026-07-20 23:47:12,gpt-4o-mini-2024-07-18,8,2017,433,2450,OK,
2026-07-20 23:47:23,gpt-4o-mini-2024-07-18,8,2035,443,2478,OK,
2026-07-20 23:47:38,gpt-4o-mini-2024-07-18,8,2026,434,2460,OK,
2026-07-20 23:47:47,gpt-4o-mini-2024-07-18,8,1971,429,2400,OK,
2026-07-20 23:48:02,gpt-4o-mini-2024-07-18,8,2117,436,2553,OK,
2026-07-20 23:48:27,gpt-4o-mini-2024-07-18,8,2197,430,2627,OK,
2026-07-20 23:48:40,gpt-4o-mini-2024-07-18,8,2155,425,2580,OK,
2026-07-20 23:49:04,gpt-4o-mini-2024-07-18,8,2072,422,2494,OK,
2026-07-20 23:49:19,gpt-4o-mini-2024-07-18,8,2006,422,2428,OK,
2026-07-20 23:49:33,gpt-4o-mini-2024-07-18,8,2057,429,2486,OK,
2026-07-20 23:49:41,gpt-4o-mini-2024-07-18,8,2008,436,2444,OK,
2026-07-20 23:49:50,gpt-4o-mini-2024-07-18,8,1950,437,2387,OK,
2026-07-20 23:50:01,gpt-4o-mini-2024-07-18,8,2071,424,2495,OK,
2026-07-20 23:50:12,gpt-4o-mini-2024-07-18,8,2105,425,2530,OK,
2026-07-20 23:50:22,gpt-4o-mini-2024-07-18,8,2166,426,2592,OK,
2026-07-20 23:50:37,gpt-4o-mini-2024-07-18,8,2312,426,2738,OK,
2026-07-20 23:50:48,gpt-4o-mini-2024-07-18,8,2183,431,2614,OK,
2026-07-20 23:50:57,gpt-4o-mini-2024-07-18,8,2113,423,2536,OK,
2026-07-20 23:51:05,gpt-4o-mini-2024-07-18,8,2113,442,2555,OK,
2026-07-20 23:51:21,gpt-4o-mini-2024-07-18,8,2072,427,2499,OK,
2026-07-20 23:51:29,gpt-4o-mini-2024-07-18,8,2150,423,2573,OK,
2026-07-20 23:51:37,gpt-4o-mini-2024-07-18,8,2169,446,2615,OK,
2026-07-20 23:51:48,gpt-4o-mini-2024-07-18,8,2230,427,2657,OK,
2026-07-20 23:51:54,gpt-4o-mini-2024-07-18,8,2252,419,2671,OK,
2026-07-20 23:52:09,gpt-4o-mini-2024-07-18,8,2267,420,2687,OK,
2026-07-20 23:52:16,gpt-4o-mini-2024-07-18,8,2243,423,2666,OK,
2026-07-20 23:52:46,gpt-4o-mini-2024-07-18,8,2299,433,2732,OK,
2026-07-20 23:52:53,gpt-4o-mini-2024-07-18,8,2244,415,2659,OK,
2026-07-20 23:53:02,gpt-4o-mini-2024-07-18,8,2080,416,2496,OK,
2026-07-20 23:53:10,gpt-4o-mini-2024-07-18,8,1962,433,2395,OK,
2026-07-20 23:53:17,gpt-4o-mini-2024-07-18,8,2075,443,2518,OK,
2026-07-20 23:53:23,gpt-4o-mini-2024-07-18,8,1863,417,2280,OK,
2026-07-20 23:53:29,gpt-4o-mini-2024-07-18,8,1888,411,2299,OK,
2026-07-20 23:53:38,gpt-4o-mini-2024-07-18,8,1864,420,2284,OK,
2026-07-20 23:53:46,gpt-4o-mini-2024-07-18,8,1919,427,2346,OK,
2026-07-20 23:53:59,gpt-4o-mini-2024-07-18,8,1857,416,2273,OK,
2026-07-20 23:54:08,gpt-4o-mini-2024-07-18,8,1904,426,2330,OK,
2026-07-20 23:54:19,gpt-4o-mini-2024-07-18,8,1887,438,2325,OK,
2026-07-20 23:54:32,gpt-4o-mini-2024-07-18,8,2152,425,2577,OK,
2026-07-20 23:54:38,gpt-4o-mini-2024-07-18,8,2015,429,2444,OK,
2026-07-20 23:54:47,gpt-4o-mini-2024-07-18,8,2083,410,2493,OK,
2026-07-20 23:54:53,gpt-4o-mini-2024-07-18,8,1868,418,2286,OK,
2026-07-20 23:55:00,gpt-4o-mini-2024-07-18,8,2021,415,2436,OK,
2026-07-20 23:55:07,gpt-4o-mini-2024-07-18,8,2044,421,2465,OK,
2026-07-20 23:55:13,gpt-4o-mini-2024-07-18,8,1983,417,2400,OK,
2026-07-20 23:55:22,gpt-4o-mini-2024-07-18,8,1977,430,2407,OK,
2026-07-20 23:55:28,gpt-4o-mini-2024-07-18,8,1974,418,2392,OK,
2026-07-20 23:55:35,gpt-4o-mini-2024-07-18,8,2053,412,2465,OK,
2026-07-20 23:55:43,gpt-4o-mini-2024-07-18,8,2021,409,2430,OK,
2026-07-20 23:55:50,gpt-4o-mini-2024-07-18,8,1886,431,2317,OK,
2026-07-20 23:55:57,gpt-4o-mini-2024-07-18,8,1786,414,2200,OK,
2026-07-20 23:56:03,gpt-4o-mini-2024-07-18,8,1951,418,2369,OK,
2026-07-20 23:56:10,gpt-4o-mini-2024-07-18,8,1977,424,2401,OK,
2026-07-20 23:56:17,gpt-4o-mini-2024-07-18,8,1886,418,2304,OK,
2026-07-20 23:56:24,gpt-4o-mini-2024-07-18,8,1913,428,2341,OK,
2026-07-20 23:56:30,gpt-4o-mini-2024-07-18,8,2033,427,2460,OK,
2026-07-20 23:56:37,gpt-4o-mini-2024-07-18,8,2005,425,2430,OK,
2026-07-20 23:56:45,gpt-4o-mini-2024-07-18,8,1932,428,2360,OK,
2026-07-20 23:56:52,gpt-4o-mini-2024-07-18,8,1994,442,2436,OK,
2026-07-20 23:56:59,gpt-4o-mini-2024-07-18,8,1968,420,2388,OK,
2026-07-20 23:57:06,gpt-4o-mini-2024-07-18,8,1997,427,2424,OK,
2026-07-20 23:57:13,gpt-4o-mini-2024-07-18,8,1993,432,2425,OK,
2026-07-20 23:57:20,gpt-4o-mini-2024-07-18,8,2065,424,2489,OK,
2026-07-20 23:57:29,gpt-4o-mini-2024-07-18,8,1931,438,2369,OK,
2026-07-20 23:57:37,gpt-4o-mini-2024-07-18,8,2171,418,2589,OK,
2026-07-20 23:57:45,gpt-4o-mini-2024-07-18,8,2005,408,2413,OK,
2026-07-20 23:57:54,gpt-4o-mini-2024-07-18,8,2030,413,2443,OK,
2026-07-20 23:58:04,gpt-4o-mini-2024-07-18,8,1981,436,2417,OK,
2026-07-20 23:58:16,gpt-4o-mini-2024-07-18,8,1938,418,2356,OK,
2026-07-20 23:58:24,gpt-4o-mini-2024-07-18,8,2005,422,2427,OK,
2026-07-20 23:58:32,gpt-4o-mini-2024-07-18,8,2002,411,2413,OK,
2026-07-20 23:58:43,gpt-4o-mini-2024-07-18,8,1981,432,2413,OK,
2026-07-20 23:58:51,gpt-4o-mini-2024-07-18,8,1992,413,2405,OK,
2026-07-20 23:59:03,gpt-4o-mini-2024-07-18,8,2027,415,2442,OK,
2026-07-20 23:59:14,gpt-4o-mini-2024-07-18,8,2051,410,2461,OK,
2026-07-20 23:59:22,gpt-4o-mini-2024-07-18,8,2108,433,2541,OK,
2026-07-20 23:59:30,gpt-4o-mini-2024-07-18,8,2065,414,2479,OK,
2026-07-20 23:59:37,gpt-4o-mini-2024-07-18,8,1966,420,2386,OK,
2026-07-20 23:59:44,gpt-4o-mini-2024-07-18,8,1882,428,2310,OK,
2026-07-20 23:59:52,gpt-4o-mini-2024-07-18,8,1992,418,2410,OK,
2026-07-21 00:00:00,gpt-4o-mini-2024-07-18,8,1878,417,2295,OK,
2026-07-21 00:00:07,gpt-4o-mini-2024-07-18,8,1881,420,2301,OK,
2026-07-21 00:00:14,gpt-4o-mini-2024-07-18,8,1881,416,2297,OK,
2026-07-21 00:00:24,gpt-4o-mini-2024-07-18,8,1885,418,2303,OK,
2026-07-21 00:00:33,gpt-4o-mini-2024-07-18,8,1916,429,2345,OK,
2026-07-21 00:00:42,gpt-4o-mini-2024-07-18,8,1864,409,2273,OK,
2026-07-21 00:00:54,gpt-4o-mini-2024-07-18,8,1865,412,2277,OK,
2026-07-21 00:01:08,gpt-4o-mini-2024-07-18,8,1911,416,2327,OK,
2026-07-21 00:01:19,gpt-4o-mini-2024-07-18,8,2010,425,2435,OK,
2026-07-21 00:01:30,gpt-4o-mini-2024-07-18,8,2049,421,2470,OK,
2026-07-21 00:01:40,gpt-4o-mini-2024-07-18,8,2116,439,2555,OK,
2026-07-21 00:01:57,gpt-4o-mini-2024-07-18,8,1942,422,2364,OK,
2026-07-21 00:02:07,gpt-4o-mini-2024-07-18,8,1938,415,2353,OK,
2026-07-21 00:02:18,gpt-4o-mini-2024-07-18,8,2069,407,2476,OK,
2026-07-21 00:02:28,gpt-4o-mini-2024-07-18,8,2000,416,2416,OK,
2026-07-21 00:02:39,gpt-4o-mini-2024-07-18,8,1952,437,2389,OK,
2026-07-21 00:02:49,gpt-4o-mini-2024-07-18,8,1915,428,2343,OK,
2026-07-21 00:02:57,gpt-4o-mini-2024-07-18,8,2115,414,2529,OK,
2026-07-21 00:03:07,gpt-4o-mini-2024-07-18,8,2083,403,2486,OK,
2026-07-21 00:03:17,gpt-4o-mini-2024-07-18,8,1944,432,2376,OK,
2026-07-21 00:03:27,gpt-4o-mini-2024-07-18,8,1835,431,2266,OK,
2026-07-21 00:03:37,gpt-4o-mini-2024-07-18,8,1870,410,2280,OK,
2026-07-21 00:03:47,gpt-4o-mini-2024-07-18,8,1974,433,2407,OK,
2026-07-21 00:03:58,gpt-4o-mini-2024-07-18,8,1917,430,2347,OK,
2026-07-21 00:04:11,gpt-4o-mini-2024-07-18,8,2010,434,2444,OK,
2026-07-21 00:04:21,gpt-4o-mini-2024-07-18,8,1888,422,2310,OK,
2026-07-21 00:04:32,gpt-4o-mini-2024-07-18,8,2039,435,2474,OK,
2026-07-21 00:04:41,gpt-4o-mini-2024-07-18,8,2072,413,2485,OK,
2026-07-21 00:04:50,gpt-4o-mini-2024-07-18,8,2137,424,2561,OK,
2026-07-21 00:05:02,gpt-4o-mini-2024-07-18,8,2157,421,2578,OK,
2026-07-21 00:05:11,gpt-4o-mini-2024-07-18,8,2142,425,2567,OK,
2026-07-21 00:05:19,gpt-4o-mini-2024-07-18,8,2088,423,2511,OK,
2026-07-21 00:05:28,gpt-4o-mini-2024-07-18,8,2210,437,2647,OK,
2026-07-21 00:05:36,gpt-4o-mini-2024-07-18,8,2277,433,2710,OK,
2026-07-21 00:05:47,gpt-4o-mini-2024-07-18,8,2070,435,2505,OK,
2026-07-21 00:35:21,gpt-4o-mini-2024-07-18,8,2117,413,2530,OK,
2026-07-21 00:35:37,gpt-4o-mini-2024-07-18,8,2386,427,2813,OK,
2026-07-21 00:38:45,gpt-4o-mini-2024-07-18,8,2202,425,2627,OK,
2026-07-21 00:57:44,gpt-4o-mini-2024-07-18,8,2260,427,2687,OK,
2026-07-21 00:57:50,gpt-4o-mini-2024-07-18,8,2446,432,2878,OK,
2026-07-21 00:57:57,gpt-4o-mini-2024-07-18,8,2128,427,2555,OK,
2026-07-21 00:58:04,gpt-4o-mini-2024-07-18,8,2048,405,2453,OK,
2026-07-21 00:58:10,gpt-4o-mini-2024-07-18,8,2119,425,2544,OK,
2026-07-21 00:58:16,gpt-4o-mini-2024-07-18,8,1942,427,2369,OK,
2026-07-21 00:58:23,gpt-4o-mini-2024-07-18,8,2265,426,2691,OK,
2026-07-21 00:58:30,gpt-4o-mini-2024-07-18,8,2217,423,2640,OK,
2026-07-21 00:58:50,gpt-4o-mini-2024-07-18,8,2263,413,2676,OK,
2026-07-21 00:58:56,gpt-4o-mini-2024-07-18,8,2176,410,2586,OK,
2026-07-21 00:59:04,gpt-4o-mini-2024-07-18,8,2259,423,2682,OK,
2026-07-21 00:59:10,gpt-4o-mini-2024-07-18,8,2364,412,2776,OK,
2026-07-21 00:59:17,gpt-4o-mini-2024-07-18,8,2240,430,2670,OK,
2026-07-21 00:59:25,gpt-4o-mini-2024-07-18,8,2270,433,2703,OK,
2026-07-21 00:59:32,gpt-4o-mini-2024-07-18,8,2207,430,2637,OK,
2026-07-21 00:59:39,gpt-4o-mini-2024-07-18,8,2199,421,2620,OK,
2026-07-21 00:59:46,gpt-4o-mini-2024-07-18,8,2216,438,2654,OK,
2026-07-21 00:59:53,gpt-4o-mini-2024-07-18,8,2123,417,2540,OK,
2026-07-21 01:00:00,gpt-4o-mini-2024-07-18,8,2102,421,2523,OK,
2026-07-21 01:00:06,gpt-4o-mini-2024-07-18,8,2059,401,2460,OK,
2026-07-21 01:00:12,gpt-4o-mini-2024-07-18,8,2051,438,2489,OK,
2026-07-21 01:00:19,gpt-4o-mini-2024-07-18,8,2067,420,2487,OK,
2026-07-21 01:00:26,gpt-4o-mini-2024-07-18,8,2222,429,2651,OK,
2026-07-21 01:00:33,gpt-4o-mini-2024-07-18,8,2075,435,2510,OK,
2026-07-21 01:00:42,gpt-4o-mini-2024-07-18,8,1990,432,2422,OK,
2026-07-21 01:00:49,gpt-4o-mini-2024-07-18,8,1922,420,2342,OK,
2026-07-21 01:00:56,gpt-4o-mini-2024-07-18,8,2053,415,2468,OK,
2026-07-21 01:01:03,gpt-4o-mini-2024-07-18,8,2114,411,2525,OK,
2026-07-21 01:01:11,gpt-4o-mini-2024-07-18,8,2047,434,2481,OK,
2026-07-21 01:01:21,gpt-4o-mini-2024-07-18,8,2030,426,2456,OK,
2026-07-21 01:01:30,gpt-4o-mini-2024-07-18,8,2008,413,2421,OK,
2026-07-21 01:01:38,gpt-4o-mini-2024-07-18,8,2225,430,2655,OK,
2026-07-21 01:01:45,gpt-4o-mini-2024-07-18,8,2083,405,2488,OK,
2026-07-21 01:01:52,gpt-4o-mini-2024-07-18,8,2141,431,2572,OK,
2026-07-21 01:01:59,gpt-4o-mini-2024-07-18,8,2065,424,2489,OK,
2026-07-21 01:02:07,gpt-4o-mini-2024-07-18,8,2188,414,2602,OK,
2026-07-21 01:02:15,gpt-4o-mini-2024-07-18,8,2171,430,2601,OK,
2026-07-21 01:02:22,gpt-4o-mini-2024-07-18,8,2243,423,2666,OK,
2026-07-21 01:02:30,gpt-4o-mini-2024-07-18,8,2098,442,2540,OK,
2026-07-21 01:02:38,gpt-4o-mini-2024-07-18,8,1947,413,2360,OK,
2026-07-21 01:02:50,gpt-4o-mini-2024-07-18,8,2070,427,2497,OK,
2026-07-21 01:02:58,gpt-4o-mini-2024-07-18,8,2170,436,2606,OK,
2026-07-21 01:03:04,gpt-4o-mini-2024-07-18,8,2026,424,2450,OK,
2026-07-21 01:03:14,gpt-4o-mini-2024-07-18,8,2153,427,2580,OK,
2026-07-21 01:03:23,gpt-4o-mini-2024-07-18,8,2075,423,2498,OK,
2026-07-21 01:03:31,gpt-4o-mini-2024-07-18,8,2165,407,2572,OK,
2026-07-21 01:03:38,gpt-4o-mini-2024-07-18,8,2189,425,2614,OK,
2026-07-21 01:03:47,gpt-4o-mini-2024-07-18,8,2083,424,2507,OK,
2026-07-21 01:03:54,gpt-4o-mini-2024-07-18,8,2077,424,2501,OK,
2026-07-21 01:04:01,gpt-4o-mini-2024-07-18,8,2125,416,2541,OK,
2026-07-21 01:04:09,gpt-4o-mini-2024-07-18,8,2122,409,2531,OK,
2026-07-21 01:04:17,gpt-4o-mini-2024-07-18,8,2241,416,2657,OK,
2026-07-21 01:04:24,gpt-4o-mini-2024-07-18,8,2292,420,2712,OK,
2026-07-21 01:04:33,gpt-4o-mini-2024-07-18,8,2076,434,2510,OK,
2026-07-21 01:04:40,gpt-4o-mini-2024-07-18,8,2150,422,2572,OK,
2026-07-21 01:04:47,gpt-4o-mini-2024-07-18,8,2123,429,2552,OK,
2026-07-21 01:04:54,gpt-4o-mini-2024-07-18,8,2033,417,2450,OK,
2026-07-21 01:05:01,gpt-4o-mini-2024-07-18,8,2048,423,2471,OK,
2026-07-21 01:05:08,gpt-4o-mini-2024-07-18,8,2004,419,2423,OK,
2026-07-21 01:05:15,gpt-4o-mini-2024-07-18,8,2046,417,2463,OK,
2026-07-21 01:05:23,gpt-4o-mini-2024-07-18,8,2016,409,2425,OK,
2026-07-21 01:05:30,gpt-4o-mini-2024-07-18,8,2129,438,2567,OK,
2026-07-21 01:05:38,gpt-4o-mini-2024-07-18,8,2066,432,2498,OK,
2026-07-21 01:05:44,gpt-4o-mini-2024-07-18,8,2003,416,2419,OK,
2026-07-21 01:05:51,gpt-4o-mini-2024-07-18,8,2173,416,2589,OK,
2026-07-21 01:05:58,gpt-4o-mini-2024-07-18,8,2247,423,2670,OK,
2026-07-21 01:06:07,gpt-4o-mini-2024-07-18,8,2187,421,2608,OK,
2026-07-21 01:06:14,gpt-4o-mini-2024-07-18,8,2128,431,2559,OK,
2026-07-21 01:06:21,gpt-4o-mini-2024-07-18,8,2121,415,2536,OK,
2026-07-21 01:06:27,gpt-4o-mini-2024-07-18,8,2108,415,2523,OK,
2026-07-21 01:06:35,gpt-4o-mini-2024-07-18,8,2082,417,2499,OK,
2026-07-21 01:06:42,gpt-4o-mini-2024-07-18,8,2127,409,2536,OK,
2026-07-21 01:06:49,gpt-4o-mini-2024-07-18,8,2137,417,2554,OK,
2026-07-21 01:06:56,gpt-4o-mini-2024-07-18,8,2103,433,2536,OK,
2026-07-21 01:07:02,gpt-4o-mini-2024-07-18,8,2194,418,2612,OK,
2026-07-21 01:07:10,gpt-4o-mini-2024-07-18,8,2231,416,2647,OK,
2026-07-21 01:07:17,gpt-4o-mini-2024-07-18,8,2198,419,2617,OK,
2026-07-21 01:07:25,gpt-4o-mini-2024-07-18,8,2096,411,2507,OK,
2026-07-21 01:07:32,gpt-4o-mini-2024-07-18,8,2222,420,2642,OK,
2026-07-21 01:07:39,gpt-4o-mini-2024-07-18,8,2227,431,2658,OK,
2026-07-21 01:07:47,gpt-4o-mini-2024-07-18,8,2026,407,2433,OK,
2026-07-21 01:07:55,gpt-4o-mini-2024-07-18,8,2093,417,2510,OK,
2026-07-21 01:08:03,gpt-4o-mini-2024-07-18,8,2069,419,2488,OK,
2026-07-21 01:08:09,gpt-4o-mini-2024-07-18,8,2038,418,2456,OK,
2026-07-21 01:08:15,gpt-4o-mini-2024-07-18,8,2064,410,2474,OK,
2026-07-21 01:08:22,gpt-4o-mini-2024-07-18,8,2091,421,2512,OK,
2026-07-21 01:08:29,gpt-4o-mini-2024-07-18,8,2063,409,2472,OK,
2026-07-21 01:08:37,gpt-4o-mini-2024-07-18,8,2139,428,2567,OK,
2026-07-21 01:08:45,gpt-4o-mini-2024-07-18,8,2235,431,2666,OK,
2026-07-21 01:08:52,gpt-4o-mini-2024-07-18,8,1995,423,2418,OK,
2026-07-21 01:09:04,gpt-4o-mini-2024-07-18,8,1927,415,2342,OK,
2026-07-21 01:09:13,gpt-4o-mini-2024-07-18,8,2000,439,2439,OK,
2026-07-21 01:09:24,gpt-4o-mini-2024-07-18,8,2099,441,2540,OK,
2026-07-21 01:09:31,gpt-4o-mini-2024-07-18,8,2082,402,2484,OK,
2026-07-21 01:09:38,gpt-4o-mini-2024-07-18,8,1950,426,2376,OK,
2026-07-21 01:09:45,gpt-4o-mini-2024-07-18,8,2022,408,2430,OK,
2026-07-21 01:09:53,gpt-4o-mini-2024-07-18,8,2042,413,2455,OK,
2026-07-21 01:10:00,gpt-4o-mini-2024-07-18,8,2106,405,2511,OK,
2026-07-21 01:10:06,gpt-4o-mini-2024-07-18,8,2153,430,2583,OK,
2026-07-21 01:10:13,gpt-4o-mini-2024-07-18,8,2150,425,2575,OK,
2026-07-21 01:10:21,gpt-4o-mini-2024-07-18,8,2051,424,2475,OK,
2026-07-21 01:10:27,gpt-4o-mini-2024-07-18,8,1970,411,2381,OK,
2026-07-21 01:10:33,gpt-4o-mini-2024-07-18,8,2060,403,2463,OK,
2026-07-21 01:10:40,gpt-4o-mini-2024-07-18,8,2006,424,2430,OK,
2026-07-21 01:10:46,gpt-4o-mini-2024-07-18,8,2002,424,2426,OK,
2026-07-21 01:10:55,gpt-4o-mini-2024-07-18,8,2122,411,2533,OK,
2026-07-21 01:11:02,gpt-4o-mini-2024-07-18,8,2123,409,2532,OK,
2026-07-21 01:11:11,gpt-4o-mini-2024-07-18,8,2149,421,2570,OK,
2026-07-21 01:11:18,gpt-4o-mini-2024-07-18,8,2134,428,2562,OK,
2026-07-21 01:11:26,gpt-4o-mini-2024-07-18,8,2115,413,2528,OK,
2026-07-21 01:11:34,gpt-4o-mini-2024-07-18,8,2200,424,2624,OK,
2026-07-21 01:11:42,gpt-4o-mini-2024-07-18,8,2152,425,2577,OK,
2026-07-21 01:11:50,gpt-4o-mini-2024-07-18,8,1972,426,2398,OK,
2026-07-21 01:11:57,gpt-4o-mini-2024-07-18,8,2026,425,2451,OK,
2026-07-21 01:12:03,gpt-4o-mini-2024-07-18,8,1986,434,2420,OK,
2026-07-21 01:12:11,gpt-4o-mini-2024-07-18,8,2105,422,2527,OK,
2026-07-21 01:12:18,gpt-4o-mini-2024-07-18,8,2150,417,2567,OK,
2026-07-21 01:12:31,gpt-4o-mini-2024-07-18,8,2158,437,2595,OK,
2026-07-21 01:12:38,gpt-4o-mini-2024-07-18,8,2181,418,2599,OK,
2026-07-21 01:12:46,gpt-4o-mini-2024-07-18,8,2171,427,2598,OK,
2026-07-21 01:12:54,gpt-4o-mini-2024-07-18,8,2149,428,2577,OK,
2026-07-21 01:13:00,gpt-4o-mini-2024-07-18,8,2110,424,2534,OK,
2026-07-21 01:13:06,gpt-4o-mini-2024-07-18,8,2024,427,2451,OK,
2026-07-21 01:13:13,gpt-4o-mini-2024-07-18,8,2048,421,2469,OK,
2026-07-21 01:13:20,gpt-4o-mini-2024-07-18,8,2037,424,2461,OK,
2026-07-21 01:13:27,gpt-4o-mini-2024-07-18,8,1994,436,2430,OK,
2026-07-21 01:13:34,gpt-4o-mini-2024-07-18,8,2067,418,2485,OK,
2026-07-21 01:13:40,gpt-4o-mini-2024-07-18,8,2084,430,2514,OK,
2026-07-21 01:13:47,gpt-4o-mini-2024-07-18,8,2114,437,2551,OK,
2026-07-21 01:13:53,gpt-4o-mini-2024-07-18,8,2017,437,2454,OK,
2026-07-21 01:14:01,gpt-4o-mini-2024-07-18,8,2058,427,2485,OK,
2026-07-21 01:14:07,gpt-4o-mini-2024-07-18,8,2064,437,2501,OK,
2026-07-21 01:14:14,gpt-4o-mini-2024-07-18,8,2004,435,2439,OK,
2026-07-21 01:14:21,gpt-4o-mini-2024-07-18,8,2107,426,2533,OK,
2026-07-21 01:14:27,gpt-4o-mini-2024-07-18,8,2279,431,2710,OK,
2026-07-21 01:14:34,gpt-4o-mini-2024-07-18,8,2448,434,2882,OK,
2026-07-21 01:14:41,gpt-4o-mini-2024-07-18,8,2128,438,2566,OK,
2026-07-21 01:14:48,gpt-4o-mini-2024-07-18,8,2136,418,2554,OK,
2026-07-21 01:14:55,gpt-4o-mini-2024-07-18,8,2196,424,2620,OK,
2026-07-21 01:15:01,gpt-4o-mini-2024-07-18,8,2220,418,2638,OK,
2026-07-21 01:15:07,gpt-4o-mini-2024-07-18,8,2287,431,2718,OK,
2026-07-21 01:15:13,gpt-4o-mini-2024-07-18,8,2412,438,2850,OK,
2026-07-21 01:15:19,gpt-4o-mini-2024-07-18,8,2251,416,2667,OK,
2026-07-21 01:15:26,gpt-4o-mini-2024-07-18,8,2239,426,2665,OK,
2026-07-21 01:15:34,gpt-4o-mini-2024-07-18,8,2350,431,2781,OK,
2026-07-21 01:15:40,gpt-4o-mini-2024-07-18,8,2229,434,2663,OK,
2026-07-21 01:15:49,gpt-4o-mini-2024-07-18,8,2416,421,2837,OK,
2026-07-21 01:15:56,gpt-4o-mini-2024-07-18,8,2314,428,2742,OK,
2026-07-21 01:16:02,gpt-4o-mini-2024-07-18,8,2124,436,2560,OK,
2026-07-21 01:16:08,gpt-4o-mini-2024-07-18,8,2158,443,2601,OK,
2026-07-21 01:16:13,gpt-4o-mini-2024-07-18,8,2170,426,2596,OK,
2026-07-21 01:16:20,gpt-4o-mini-2024-07-18,8,2043,436,2479,OK,
2026-07-21 01:16:27,gpt-4o-mini-2024-07-18,8,2003,441,2444,OK,
2026-07-21 01:16:33,gpt-4o-mini-2024-07-18,8,2051,425,2476,OK,
2026-07-21 01:16:38,gpt-4o-mini-2024-07-18,8,1899,427,2326,OK,
2026-07-21 01:16:45,gpt-4o-mini-2024-07-18,8,1929,421,2350,OK,
2026-07-21 01:16:52,gpt-4o-mini-2024-07-18,8,2113,444,2557,OK,
2026-07-21 01:16:58,gpt-4o-mini-2024-07-18,8,2100,438,2538,OK,
2026-07-21 01:17:08,gpt-4o-mini-2024-07-18,8,1940,444,2384,OK,
2026-07-21 01:17:14,gpt-4o-mini-2024-07-18,8,1988,433,2421,OK,
2026-07-21 01:17:23,gpt-4o-mini-2024-07-18,8,1936,436,2372,OK,
2026-07-21 01:17:29,gpt-4o-mini-2024-07-18,8,1937,435,2372,OK,
2026-07-21 01:17:36,gpt-4o-mini-2024-07-18,8,2099,439,2538,OK,
2026-07-21 01:17:42,gpt-4o-mini-2024-07-18,8,1910,431,2341,OK,
2026-07-21 01:17:48,gpt-4o-mini-2024-07-18,8,1951,429,2380,OK,
2026-07-21 01:17:55,gpt-4o-mini-2024-07-18,8,1964,420,2384,OK,
2026-07-21 01:18:01,gpt-4o-mini-2024-07-18,8,1968,449,2417,OK,
2026-07-21 01:18:08,gpt-4o-mini-2024-07-18,8,1980,427,2407,OK,
2026-07-21 01:18:15,gpt-4o-mini-2024-07-18,8,1943,419,2362,OK,
2026-07-21 01:18:21,gpt-4o-mini-2024-07-18,8,2069,419,2488,OK,
2026-07-21 01:18:28,gpt-4o-mini-2024-07-18,8,1991,436,2427,OK,
2026-07-21 01:18:37,gpt-4o-mini-2024-07-18,8,2080,447,2527,OK,
2026-07-21 01:18:44,gpt-4o-mini-2024-07-18,8,2021,438,2459,OK,
2026-07-21 01:18:50,gpt-4o-mini-2024-07-18,8,1933,424,2357,OK,
2026-07-21 01:18:57,gpt-4o-mini-2024-07-18,8,2202,441,2643,OK,
2026-07-21 01:19:04,gpt-4o-mini-2024-07-18,8,2199,431,2630,OK,
2026-07-21 01:19:12,gpt-4o-mini-2024-07-18,8,2130,441,2571,OK,
2026-07-21 01:19:19,gpt-4o-mini-2024-07-18,8,2070,438,2508,OK,
2026-07-21 01:19:25,gpt-4o-mini-2024-07-18,8,2037,437,2474,OK,
2026-07-21 01:19:32,gpt-4o-mini-2024-07-18,8,1999,431,2430,OK,
2026-07-21 01:19:40,gpt-4o-mini-2024-07-18,8,1944,442,2386,OK,
2026-07-21 01:19:50,gpt-4o-mini-2024-07-18,8,2095,422,2517,OK,
2026-07-21 01:19:57,gpt-4o-mini-2024-07-18,8,2133,431,2564,OK,
2026-07-21 01:20:03,gpt-4o-mini-2024-07-18,8,2130,417,2547,OK,
2026-07-21 01:20:10,gpt-4o-mini-2024-07-18,8,2305,438,2743,OK,
2026-07-21 01:20:17,gpt-4o-mini-2024-07-18,8,2242,421,2663,OK,
2026-07-21 01:20:24,gpt-4o-mini-2024-07-18,8,2087,431,2518,OK,
2026-07-21 01:20:33,gpt-4o-mini-2024-07-18,8,2170,433,2603,OK,
2026-07-21 01:20:38,gpt-4o-mini-2024-07-18,8,2066,432,2498,OK,
2026-07-21 01:20:45,gpt-4o-mini-2024-07-18,8,2121,424,2545,OK,
2026-07-21 01:20:51,gpt-4o-mini-2024-07-18,8,2121,420,2541,OK,
2026-07-21 01:20:57,gpt-4o-mini-2024-07-18,8,2226,425,2651,OK,
2026-07-21 01:21:04,gpt-4o-mini-2024-07-18,8,2237,437,2674,OK,
2026-07-21 01:21:10,gpt-4o-mini-2024-07-18,8,2219,427,2646,OK,
2026-07-21 01:21:16,gpt-4o-mini-2024-07-18,8,2227,423,2650,OK,
2026-07-21 01:21:22,gpt-4o-mini-2024-07-18,8,2268,440,2708,OK,
2026-07-21 01:21:29,gpt-4o-mini-2024-07-18,8,2291,428,2719,OK,
2026-07-21 01:21:36,gpt-4o-mini-2024-07-18,8,2193,433,2626,OK,
2026-07-21 01:21:43,gpt-4o-mini-2024-07-18,8,2261,422,2683,OK,
2026-07-21 01:21:49,gpt-4o-mini-2024-07-18,8,2295,450,2745,OK,
2026-07-21 01:21:55,gpt-4o-mini-2024-07-18,8,2360,425,2785,OK,
2026-07-21 01:22:01,gpt-4o-mini-2024-07-18,8,2249,447,2696,OK,
2026-07-21 01:22:08,gpt-4o-mini-2024-07-18,8,1905,428,2333,OK,
2026-07-21 01:22:14,gpt-4o-mini-2024-07-18,8,2106,422,2528,OK,
2026-07-21 01:22:20,gpt-4o-mini-2024-07-18,8,2033,425,2458,OK,
2026-07-21 01:22:26,gpt-4o-mini-2024-07-18,8,2120,410,2530,OK,
2026-07-21 01:22:32,gpt-4o-mini-2024-07-18,8,2115,421,2536,OK,
2026-07-21 01:22:37,gpt-4o-mini-2024-07-18,8,2059,424,2483,OK,
2026-07-21 01:22:43,gpt-4o-mini-2024-07-18,8,2171,445,2616,OK,
2026-07-21 01:22:50,gpt-4o-mini-2024-07-18,8,2259,446,2705,OK,
2026-07-21 01:22:56,gpt-4o-mini-2024-07-18,8,2139,437,2576,OK,
2026-07-21 01:23:02,gpt-4o-mini-2024-07-18,8,2078,441,2519,OK,
2026-07-21 01:23:09,gpt-4o-mini-2024-07-18,8,2068,416,2484,OK,
2026-07-21 01:23:16,gpt-4o-mini-2024-07-18,8,2095,441,2536,OK,
2026-07-21 01:23:23,gpt-4o-mini-2024-07-18,8,1946,431,2377,OK,
2026-07-21 01:23:29,gpt-4o-mini-2024-07-18,8,1998,423,2421,OK,
2026-07-21 01:23:35,gpt-4o-mini-2024-07-18,8,2111,439,2550,OK,
2026-07-21 01:23:41,gpt-4o-mini-2024-07-18,8,2027,419,2446,OK,
2026-07-21 01:23:47,gpt-4o-mini-2024-07-18,8,2127,437,2564,OK,
2026-07-21 01:23:53,gpt-4o-mini-2024-07-18,8,1903,432,2335,OK,
2026-07-21 01:23:59,gpt-4o-mini-2024-07-18,8,2000,424,2424,OK,
2026-07-21 01:24:05,gpt-4o-mini-2024-07-18,8,1994,442,2436,OK,
2026-07-21 01:24:11,gpt-4o-mini-2024-07-18,8,2162,418,2580,OK,
2026-07-21 01:24:20,gpt-4o-mini-2024-07-18,8,2427,434,2861,OK,
2026-07-21 01:24:26,gpt-4o-mini-2024-07-18,8,2390,435,2825,OK,
2026-07-21 01:24:33,gpt-4o-mini-2024-07-18,8,2170,421,2591,OK,
2026-07-21 01:24:40,gpt-4o-mini-2024-07-18,8,2180,423,2603,OK,
2026-07-21 01:24:48,gpt-4o-mini-2024-07-18,8,2213,434,2647,OK,
2026-07-21 01:24:55,gpt-4o-mini-2024-07-18,8,2140,427,2567,OK,
2026-07-21 01:25:00,gpt-4o-mini-2024-07-18,8,2021,426,2447,OK,
2026-07-21 01:25:07,gpt-4o-mini-2024-07-18,8,2110,438,2548,OK,
2026-07-21 01:25:15,gpt-4o-mini-2024-07-18,8,2209,435,2644,OK,
2026-07-21 01:25:25,gpt-4o-mini-2024-07-18,8,2244,428,2672,OK,
2026-07-21 01:25:32,gpt-4o-mini-2024-07-18,8,2535,422,2957,OK,
2026-07-21 01:25:40,gpt-4o-mini-2024-07-18,8,2467,433,2900,OK,
2026-07-21 01:25:47,gpt-4o-mini-2024-07-18,8,2433,427,2860,OK,
2026-07-21 01:25:54,gpt-4o-mini-2024-07-18,8,2196,436,2632,OK,
2026-07-21 01:26:01,gpt-4o-mini-2024-07-18,8,2036,430,2466,OK,
2026-07-21 01:26:11,gpt-4o-mini-2024-07-18,8,2048,436,2484,OK,
2026-07-21 01:26:18,gpt-4o-mini-2024-07-18,8,2393,423,2816,OK,
2026-07-21 01:26:26,gpt-4o-mini-2024-07-18,8,2363,433,2796,OK,
2026-07-21 01:26:34,gpt-4o-mini-2024-07-18,8,2050,419,2469,OK,
2026-07-21 01:26:45,gpt-4o-mini-2024-07-18,8,2114,425,2539,OK,
2026-07-21 01:26:53,gpt-4o-mini-2024-07-18,8,1998,430,2428,OK,
2026-07-21 01:27:02,gpt-4o-mini-2024-07-18,8,1992,424,2416,OK,
2026-07-21 01:27:10,gpt-4o-mini-2024-07-18,8,2023,436,2459,OK,
2026-07-21 01:27:18,gpt-4o-mini-2024-07-18,8,2072,439,2511,OK,
2026-07-21 01:27:25,gpt-4o-mini-2024-07-18,8,2038,432,2470,OK,
2026-07-21 01:27:33,gpt-4o-mini-2024-07-18,8,2036,421,2457,OK,
2026-07-21 01:27:40,gpt-4o-mini-2024-07-18,8,2170,435,2605,OK,
2026-07-21 01:27:47,gpt-4o-mini-2024-07-18,8,2022,430,2452,OK,
2026-07-21 01:27:54,gpt-4o-mini-2024-07-18,8,2071,441,2512,OK,
2026-07-21 01:28:03,gpt-4o-mini-2024-07-18,8,2045,435,2480,OK,
2026-07-21 01:28:09,gpt-4o-mini-2024-07-18,8,1979,427,2406,OK,
2026-07-21 01:28:16,gpt-4o-mini-2024-07-18,8,2037,439,2476,OK,
2026-07-21 01:28:22,gpt-4o-mini-2024-07-18,8,2027,429,2456,OK,
2026-07-21 01:28:28,gpt-4o-mini-2024-07-18,8,2078,425,2503,OK,
2026-07-21 01:28:36,gpt-4o-mini-2024-07-18,8,2048,431,2479,OK,
2026-07-21 01:28:44,gpt-4o-mini-2024-07-18,8,2022,425,2447,OK,
2026-07-21 01:28:51,gpt-4o-mini-2024-07-18,8,2034,426,2460,OK,
2026-07-21 01:28:58,gpt-4o-mini-2024-07-18,8,2069,430,2499,OK,
2026-07-21 01:29:05,gpt-4o-mini-2024-07-18,8,2131,435,2566,OK,
2026-07-21 01:29:12,gpt-4o-mini-2024-07-18,8,2001,430,2431,OK,
2026-07-21 01:29:19,gpt-4o-mini-2024-07-18,8,2191,438,2629,OK,
2026-07-21 01:29:27,gpt-4o-mini-2024-07-18,8,2045,440,2485,OK,
2026-07-21 01:29:36,gpt-4o-mini-2024-07-18,8,1969,431,2400,OK,
2026-07-21 01:29:43,gpt-4o-mini-2024-07-18,8,1972,423,2395,OK,
2026-07-21 01:29:51,gpt-4o-mini-2024-07-18,8,2028,432,2460,OK,
2026-07-21 01:30:02,gpt-4o-mini-2024-07-18,8,2029,416,2445,OK,
2026-07-21 01:30:09,gpt-4o-mini-2024-07-18,8,2032,419,2451,OK,
2026-07-21 01:30:16,gpt-4o-mini-2024-07-18,8,2037,427,2464,OK,
2026-07-21 01:30:23,gpt-4o-mini-2024-07-18,8,2041,441,2482,OK,
2026-07-21 01:30:30,gpt-4o-mini-2024-07-18,8,2047,430,2477,OK,
2026-07-21 01:30:39,gpt-4o-mini-2024-07-18,8,2062,427,2489,OK,
2026-07-21 01:30:46,gpt-4o-mini-2024-07-18,8,2014,438,2452,OK,
2026-07-21 01:30:59,gpt-4o-mini-2024-07-18,8,2166,435,2601,OK,
2026-07-21 01:31:07,gpt-4o-mini-2024-07-18,8,2174,425,2599,OK,
2026-07-21 01:31:15,gpt-4o-mini-2024-07-18,8,1932,428,2360,OK,
2026-07-21 01:31:23,gpt-4o-mini-2024-07-18,8,1941,434,2375,OK,
2026-07-21 01:31:30,gpt-4o-mini-2024-07-18,8,2000,424,2424,OK,
2026-07-21 01:31:42,gpt-4o-mini-2024-07-18,8,2039,430,2469,OK,
2026-07-21 01:31:49,gpt-4o-mini-2024-07-18,8,2032,436,2468,OK,
2026-07-21 01:31:56,gpt-4o-mini-2024-07-18,8,2099,429,2528,OK,
2026-07-21 01:32:04,gpt-4o-mini-2024-07-18,8,2103,428,2531,OK,
2026-07-21 01:32:11,gpt-4o-mini-2024-07-18,8,1980,425,2405,OK,
2026-07-21 01:32:19,gpt-4o-mini-2024-07-18,8,2079,432,2511,OK,
2026-07-21 01:32:26,gpt-4o-mini-2024-07-18,8,1980,420,2400,OK,
2026-07-21 01:32:33,gpt-4o-mini-2024-07-18,8,2178,432,2610,OK,
2026-07-21 01:32:39,gpt-4o-mini-2024-07-18,8,2130,419,2549,OK,
2026-07-21 01:32:47,gpt-4o-mini-2024-07-18,8,2128,439,2567,OK,
2026-07-21 01:32:53,gpt-4o-mini-2024-07-18,8,1969,427,2396,OK,
2026-07-21 01:33:00,gpt-4o-mini-2024-07-18,8,2001,430,2431,OK,
2026-07-21 01:33:07,gpt-4o-mini-2024-07-18,8,1946,435,2381,OK,
2026-07-21 01:33:14,gpt-4o-mini-2024-07-18,8,2016,435,2451,OK,
2026-07-21 01:33:22,gpt-4o-mini-2024-07-18,8,2034,424,2458,OK,
2026-07-21 01:33:29,gpt-4o-mini-2024-07-18,8,2146,424,2570,OK,
2026-07-21 01:33:37,gpt-4o-mini-2024-07-18,8,2034,439,2473,OK,
2026-07-21 01:33:45,gpt-4o-mini-2024-07-18,8,2223,431,2654,OK,
2026-07-21 01:33:52,gpt-4o-mini-2024-07-18,8,2090,421,2511,OK,
2026-07-21 01:33:59,gpt-4o-mini-2024-07-18,8,2051,442,2493,OK,
2026-07-21 01:34:08,gpt-4o-mini-2024-07-18,8,2090,427,2517,OK,
2026-07-21 01:34:16,gpt-4o-mini-2024-07-18,8,2030,429,2459,OK,
2026-07-21 01:34:24,gpt-4o-mini-2024-07-18,8,2032,427,2459,OK,
2026-07-21 01:34:33,gpt-4o-mini-2024-07-18,8,2073,433,2506,OK,
2026-07-21 01:34:42,gpt-4o-mini-2024-07-18,8,2103,444,2547,OK,
2026-07-21 01:34:57,gpt-4o-mini-2024-07-18,8,1978,416,2394,OK,
2026-07-21 01:35:05,gpt-4o-mini-2024-07-18,8,2004,424,2428,OK,
2026-07-21 01:35:12,gpt-4o-mini-2024-07-18,8,2006,428,2434,OK,
2026-07-21 01:35:19,gpt-4o-mini-2024-07-18,8,1940,439,2379,OK,
2026-07-21 01:35:26,gpt-4o-mini-2024-07-18,8,2198,425,2623,OK,
2026-07-21 01:35:33,gpt-4o-mini-2024-07-18,8,2219,420,2639,OK,
2026-07-21 01:35:41,gpt-4o-mini-2024-07-18,8,2245,421,2666,OK,
2026-07-21 01:35:48,gpt-4o-mini-2024-07-18,8,2144,427,2571,OK,
2026-07-21 01:35:54,gpt-4o-mini-2024-07-18,8,2008,425,2433,OK,
2026-07-21 01:36:01,gpt-4o-mini-2024-07-18,8,1994,432,2426,OK,
2026-07-21 01:36:08,gpt-4o-mini-2024-07-18,8,1961,419,2380,OK,
2026-07-21 01:36:15,gpt-4o-mini-2024-07-18,8,2037,427,2464,OK,
2026-07-21 01:36:23,gpt-4o-mini-2024-07-18,8,1906,430,2336,OK,
2026-07-21 01:36:30,gpt-4o-mini-2024-07-18,8,1899,425,2324,OK,
2026-07-21 01:36:40,gpt-4o-mini-2024-07-18,8,1957,423,2380,OK,
2026-07-21 01:36:47,gpt-4o-mini-2024-07-18,8,1926,433,2359,OK,
2026-07-21 01:36:55,gpt-4o-mini-2024-07-18,8,1962,434,2396,OK,
2026-07-21 01:37:03,gpt-4o-mini-2024-07-18,8,2032,422,2454,OK,
2026-07-21 01:37:11,gpt-4o-mini-2024-07-18,8,1946,428,2374,OK,
2026-07-21 01:37:20,gpt-4o-mini-2024-07-18,8,2132,437,2569,OK,
2026-07-21 01:37:27,gpt-4o-mini-2024-07-18,8,2129,432,2561,OK,
2026-07-21 01:37:34,gpt-4o-mini-2024-07-18,8,2051,441,2492,OK,
2026-07-21 01:37:41,gpt-4o-mini-2024-07-18,8,2077,428,2505,OK,
2026-07-21 01:37:49,gpt-4o-mini-2024-07-18,8,2023,437,2460,OK,
2026-07-21 01:37:57,gpt-4o-mini-2024-07-18,8,1955,442,2397,OK,
2026-07-21 01:38:05,gpt-4o-mini-2024-07-18,8,1884,436,2320,OK,
2026-07-21 01:38:13,gpt-4o-mini-2024-07-18,8,2015,427,2442,OK,
2026-07-21 01:38:20,gpt-4o-mini-2024-07-18,8,2011,433,2444,OK,
2026-07-21 01:38:26,gpt-4o-mini-2024-07-18,8,2095,420,2515,OK,
2026-07-21 01:38:32,gpt-4o-mini-2024-07-18,8,2060,415,2475,OK,
2026-07-21 01:38:38,gpt-4o-mini-2024-07-18,8,2695,421,3116,OK,
2026-07-21 01:38:46,gpt-4o-mini-2024-07-18,8,2120,431,2551,OK,
2026-07-21 01:38:52,gpt-4o-mini-2024-07-18,8,2166,434,2600,OK,
2026-07-21 01:38:59,gpt-4o-mini-2024-07-18,8,2024,430,2454,OK,
2026-07-21 01:39:06,gpt-4o-mini-2024-07-18,8,1837,440,2277,OK,
2026-07-21 01:39:13,gpt-4o-mini-2024-07-18,8,1838,426,2264,OK,
2026-07-21 01:39:19,gpt-4o-mini-2024-07-18,8,1904,438,2342,OK,
2026-07-21 01:39:32,gpt-4o-mini-2024-07-18,8,1927,429,2356,OK,
2026-07-21 01:39:40,gpt-4o-mini-2024-07-18,8,1895,438,2333,OK,
2026-07-21 01:39:46,gpt-4o-mini-2024-07-18,8,1932,435,2367,OK,
2026-07-21 01:39:53,gpt-4o-mini-2024-07-18,8,1890,428,2318,OK,
2026-07-21 01:39:59,gpt-4o-mini-2024-07-18,8,2013,436,2449,OK,
2026-07-21 01:40:07,gpt-4o-mini-2024-07-18,8,1995,424,2419,OK,
2026-07-21 01:40:15,gpt-4o-mini-2024-07-18,8,2043,432,2475,OK,
2026-07-21 01:40:22,gpt-4o-mini-2024-07-18,8,1888,421,2309,OK,
2026-07-21 01:40:29,gpt-4o-mini-2024-07-18,8,1871,425,2296,OK,
2026-07-21 01:40:36,gpt-4o-mini-2024-07-18,8,2110,421,2531,OK,
2026-07-21 01:40:42,gpt-4o-mini-2024-07-18,8,2249,413,2662,OK,
2026-07-21 01:40:52,gpt-4o-mini-2024-07-18,8,2061,416,2477,OK,
2026-07-21 01:40:58,gpt-4o-mini-2024-07-18,8,2328,415,2743,OK,
2026-07-21 01:41:05,gpt-4o-mini-2024-07-18,8,2237,420,2657,OK,
2026-07-21 01:41:12,gpt-4o-mini-2024-07-18,8,2537,419,2956,OK,
2026-07-21 01:41:18,gpt-4o-mini-2024-07-18,8,2353,442,2795,OK,
2026-07-21 01:41:25,gpt-4o-mini-2024-07-18,8,2335,418,2753,OK,
2026-07-21 01:41:31,gpt-4o-mini-2024-07-18,8,2455,424,2879,OK,
2026-07-21 01:41:37,gpt-4o-mini-2024-07-18,8,2286,426,2712,OK,
2026-07-21 01:41:44,gpt-4o-mini-2024-07-18,8,2139,424,2563,OK,
2026-07-21 01:41:51,gpt-4o-mini-2024-07-18,8,2287,424,2711,OK,
2026-07-21 01:41:57,gpt-4o-mini-2024-07-18,8,2291,418,2709,OK,
2026-07-21 01:42:03,gpt-4o-mini-2024-07-18,8,2191,419,2610,OK,
2026-07-21 01:42:10,gpt-4o-mini-2024-07-18,8,2341,415,2756,OK,
2026-07-21 01:42:16,gpt-4o-mini-2024-07-18,8,2377,415,2792,OK,
2026-07-21 01:42:23,gpt-4o-mini-2024-07-18,8,2466,417,2883,OK,
2026-07-21 01:42:30,gpt-4o-mini-2024-07-18,8,2205,421,2626,OK,
2026-07-21 01:42:37,gpt-4o-mini-2024-07-18,8,2242,417,2659,OK,
2026-07-21 01:42:44,gpt-4o-mini-2024-07-18,8,2190,417,2607,OK,
2026-07-21 01:42:50,gpt-4o-mini-2024-07-18,8,2130,410,2540,OK,
2026-07-21 01:42:59,gpt-4o-mini-2024-07-18,8,2178,425,2603,OK,
2026-07-21 01:43:05,gpt-4o-mini-2024-07-18,8,2256,420,2676,OK,
2026-07-21 01:43:11,gpt-4o-mini-2024-07-18,8,2206,422,2628,OK,
2026-07-21 01:43:18,gpt-4o-mini-2024-07-18,8,2209,431,2640,OK,
2026-07-21 01:43:26,gpt-4o-mini-2024-07-18,8,2281,422,2703,OK,
2026-07-21 01:43:34,gpt-4o-mini-2024-07-18,8,1927,425,2352,OK,
2026-07-21 01:43:41,gpt-4o-mini-2024-07-18,8,2373,429,2802,OK,
2026-07-21 01:43:49,gpt-4o-mini-2024-07-18,8,2089,442,2531,OK,
2026-07-21 01:43:56,gpt-4o-mini-2024-07-18,8,1938,413,2351,OK,
2026-07-21 01:44:03,gpt-4o-mini-2024-07-18,8,2009,417,2426,OK,
2026-07-21 01:44:11,gpt-4o-mini-2024-07-18,8,1927,407,2334,OK,
2026-07-21 01:44:18,gpt-4o-mini-2024-07-18,8,2015,420,2435,OK,
2026-07-21 01:44:25,gpt-4o-mini-2024-07-18,8,1940,432,2372,OK,
2026-07-21 01:44:34,gpt-4o-mini-2024-07-18,8,2109,421,2530,OK,
2026-07-21 01:44:40,gpt-4o-mini-2024-07-18,8,2126,418,2544,OK,
2026-07-21 01:44:47,gpt-4o-mini-2024-07-18,8,1979,413,2392,OK,
2026-07-21 01:44:53,gpt-4o-mini-2024-07-18,8,2035,423,2458,OK,
2026-07-21 01:45:00,gpt-4o-mini-2024-07-18,8,1959,432,2391,OK,
2026-07-21 01:45:09,gpt-4o-mini-2024-07-18,8,1975,421,2396,OK,
2026-07-21 01:45:16,gpt-4o-mini-2024-07-18,8,1877,425,2302,OK,
2026-07-21 01:45:23,gpt-4o-mini-2024-07-18,8,2035,428,2463,OK,
2026-07-21 01:45:29,gpt-4o-mini-2024-07-18,8,1956,413,2369,OK,
2026-07-21 01:45:42,gpt-4o-mini-2024-07-18,8,2076,420,2496,OK,
2026-07-21 01:45:49,gpt-4o-mini-2024-07-18,8,1954,417,2371,OK,
2026-07-21 01:45:56,gpt-4o-mini-2024-07-18,8,2131,422,2553,OK,
2026-07-21 01:46:03,gpt-4o-mini-2024-07-18,8,2152,421,2573,OK,
2026-07-21 01:46:09,gpt-4o-mini-2024-07-18,8,2119,422,2541,OK,
2026-07-21 01:46:17,gpt-4o-mini-2024-07-18,8,2372,419,2791,OK,
2026-07-21 01:46:27,gpt-4o-mini-2024-07-18,8,2328,427,2755,OK,
2026-07-21 01:46:33,gpt-4o-mini-2024-07-18,8,2039,422,2461,OK,
2026-07-21 01:46:39,gpt-4o-mini-2024-07-18,8,2114,414,2528,OK,
2026-07-21 01:46:45,gpt-4o-mini-2024-07-18,8,2148,418,2566,OK,
2026-07-21 01:46:51,gpt-4o-mini-2024-07-18,8,2030,424,2454,OK,
2026-07-21 01:46:58,gpt-4o-mini-2024-07-18,8,2102,421,2523,OK,
2026-07-21 01:47:05,gpt-4o-mini-2024-07-18,8,1967,431,2398,OK,
2026-07-21 01:47:11,gpt-4o-mini-2024-07-18,8,2213,407,2620,OK,
2026-07-21 01:47:17,gpt-4o-mini-2024-07-18,8,2082,410,2492,OK,
2026-07-21 01:47:24,gpt-4o-mini-2024-07-18,8,2094,430,2524,OK,
2026-07-21 01:47:31,gpt-4o-mini-2024-07-18,8,2066,421,2487,OK,
2026-07-21 01:47:37,gpt-4o-mini-2024-07-18,8,1918,425,2343,OK,
2026-07-21 01:47:43,gpt-4o-mini-2024-07-18,8,2150,415,2565,OK,
2026-07-21 01:47:53,gpt-4o-mini-2024-07-18,8,2116,421,2537,OK,
